date.start,status.long,arena.city,teams.visitors.code,teams.home.code,scores.visitors.points,scores.home.points
2024-10-04T16:00:00.000Z,Finished,Abu Dhabi,BOS,DEN,107.0,103.0
2024-10-05T02:30:00.000Z,Finished,Palm Springs,MIN,LAL,124.0,107.0
2024-10-05T23:00:00.000Z,Finished,Honolulu,GSW,LAC,91.0,90.0
2024-10-06T14:00:00.000Z,Finished,Abu Dhabi,DEN,BOS,104.0,130.0
2024-10-06T23:00:00.000Z,Finished,Charlotte,NYK,CHA,111.0,109.0
2024-10-06T23:30:00.000Z,Finished,Montreal,WAS,TOR,98.0,125.0
2024-10-07T00:00:00.000Z,Finished,Detroit,MIL,DET,87.0,120.0
2024-10-07T01:30:00.000Z,Finished,Palm Springs,PHX,LAL,118.0,114.0
2024-10-07T17:30:00.000Z,Finished,New Orleans,ORL,NOP,104.0,106.0
2024-10-08T00:00:00.000Z,Finished,Dallas,MEM,DAL,121.0,116.0
2024-10-08T00:00:00.000Z,Finished,San Antonio,OKC,SAS,112.0,107.0
2024-10-08T01:00:00.000Z,Finished,Salt Lake City,HOU,UTA,113.0,122.0
2024-10-08T23:00:00.000Z,Finished,Charlotte,MIA,CHA,108.0,111.0
2024-10-08T23:00:00.000Z,Finished,Cleveland,CHI,CLE,116.0,112.0
2024-10-08T23:00:00.000Z,Finished,East Lansing,PHX,DET,105.0,97.0
2024-10-08T23:30:00.000Z,Finished,Atlanta,IND,ATL,130.0,131.0
2024-10-09T02:30:00.000Z,Finished,Oceanside,BKN,LAC,106.0,115.0
2024-10-09T23:30:00.000Z,Finished,New York,WAS,NYK,94.0,117.0
2024-10-10T00:00:00.000Z,Finished,Oklahoma City,HOU,OKC,122.0,113.0
2024-10-10T00:00:00.000Z,Finished,San Antonio,ORL,SAS,97.0,107.0
2024-10-10T02:30:00.000Z,Finished,Sacramento,GSW,SAC,122.0,112.0
2024-10-10T23:00:00.000Z,Finished,Cleveland,IND,CLE,129.0,117.0
2024-10-16T23:30:00.000Z,Finished,Miami,ATL,MIA,111.0,120.0
2024-10-11T00:00:00.000Z,Finished,Dallas,UTA,DAL,107.0,102.0
2024-10-11T00:00:00.000Z,Finished,Memphis,CHA,MEM,119.0,94.0
2024-10-11T00:00:00.000Z,Finished,Milwaukee,LAL,MIL,107.0,102.0
2024-10-11T23:00:00.000Z,Canceled,Orlando,NOP,ORL,0.0,0.0
2024-10-11T23:00:00.000Z,Finished,Washington,TOR,WAS,95.0,113.0
2024-10-11T23:00:00.000Z,Finished,Des Moines,PHI,MIN,111.0,121.0
2024-10-12T02:00:00.000Z,Finished,San Francisco,SAC,GSW,106.0,109.0
2024-10-12T02:00:00.000Z,Finished,Phoenix,DET,PHX,109.0,91.0
2024-10-12T02:30:00.000Z,Finished,Seattle,POR,LAC,99.0,101.0
2024-10-13T00:00:00.000Z,Finished,Boston,PHI,BOS,89.0,139.0
2024-10-13T00:00:00.000Z,Finished,Chicago,MEM,CHI,124.0,121.0
2024-10-13T00:00:00.000Z,Finished,San Antonio,UTA,SAS,120.0,126.0
2024-10-13T19:30:00.000Z,Finished,Miami,NOP,MIA,99.0,101.0
2024-10-13T22:00:00.000Z,Finished,New York,MIN,NYK,110.0,115.0
2024-10-13T22:00:00.000Z,Finished,Sacramento,POR,SAC,105.0,85.0
2024-10-13T23:00:00.000Z,Finished,Boston,TOR,BOS,111.0,115.0
2024-10-14T00:30:00.000Z,Finished,Denver,PHX,DEN,118.0,114.0
2024-10-14T00:30:00.000Z,Finished,San Francisco,DET,GSW,93.0,111.0
2024-10-14T23:00:00.000Z,Finished,Indianapolis,MEM,IND,120.0,116.0
2024-10-14T23:30:00.000Z,Finished,Atlanta,PHI,ATL,104.0,89.0
2024-10-14T23:30:00.000Z,Finished,Brooklyn,WAS,BKN,92.0,131.0
2024-10-15T00:00:00.000Z,Finished,Milwaukee,CHI,MIL,107.0,111.0
2024-10-15T02:30:00.000Z,Finished,Inglewood,DAL,LAC,96.0,110.0
2024-10-15T23:00:00.000Z,Finished,Toronto,BOS,TOR,118.0,119.0
2024-10-15T23:30:00.000Z,Finished,Miami,SAS,MIA,117.0,120.0
2024-10-15T23:30:00.000Z,Finished,New York,CHA,NYK,105.0,111.0
2024-10-16T00:00:00.000Z,Finished,Houston,NOP,HOU,98.0,118.0
2024-10-16T01:00:00.000Z,Finished,Denver,OKC,DEN,124.0,94.0
2024-10-16T01:00:00.000Z,Finished,Salt Lake City,SAC,UTA,114.0,117.0
2024-10-16T02:00:00.000Z,Finished,Las Vegas,GSW,LAL,111.0,97.0
2024-10-16T23:00:00.000Z,Finished,Detroit,CLE,DET,92.0,108.0
2024-10-16T23:00:00.000Z,Finished,Philadelphia,BKN,PHI,95.0,117.0
2024-10-17T00:00:00.000Z,Finished,Chicago,MIN,CHI,123.0,125.0
2024-10-17T23:00:00.000Z,Finished,Indianapolis,CHA,IND,116.0,121.0
2024-10-17T23:30:00.000Z,Finished,Dallas,MIL,DAL,84.0,109.0
2024-10-18T00:00:00.000Z,Finished,Houston,SAS,HOU,107.0,129.0
2024-10-18T00:00:00.000Z,Finished,Oklahoma City,ATL,OKC,99.0,104.0
2024-10-18T02:00:00.000Z,Finished,Phoenix,LAL,PHX,128.0,122.0
2024-10-18T02:30:00.000Z,Finished,Inglewood,SAC,LAC,91.0,113.0
2024-10-18T23:00:00.000Z,Finished,Orlando,PHI,ORL,99.0,114.0
2024-10-18T23:00:00.000Z,Finished,Washington,NYK,WAS,117.0,118.0
2024-10-18T23:30:00.000Z,Finished,Brooklyn,TOR,BKN,116.0,112.0
2024-10-19T00:00:00.000Z,Finished,Chicago,CLE,CHI,137.0,139.0
2024-10-19T00:00:00.000Z,Finished,Memphis,MIA,MEM,114.0,109.0
2024-10-18T00:00:00.000Z,Finished,Minneapolis,DEN,MIN,132.0,126.0
2024-10-19T02:00:00.000Z,Finished,Portland,UTA,POR,86.0,124.0
2024-10-19T02:30:00.000Z,Finished,San Francisco,LAL,GSW,74.0,132.0
2024-10-22T23:30:00.000Z,Finished,Boston,NYK,BOS,109.0,132.0
2024-10-23T02:00:00.000Z,Finished,Los Angeles,MIN,LAL,103.0,110.0
2024-10-23T23:00:00.000Z,Finished,Detroit,IND,DET,115.0,109.0
2024-10-23T23:30:00.000Z,Finished,Atlanta,BKN,ATL,116.0,120.0
2024-10-23T23:30:00.000Z,Finished,Miami,ORL,MIA,116.0,97.0
2024-10-23T23:30:00.000Z,Finished,Philadelphia,MIL,PHI,124.0,109.0
2024-10-23T23:30:00.000Z,Finished,Toronto,CLE,TOR,136.0,106.0
2024-10-24T00:00:00.000Z,Finished,Houston,CHA,HOU,110.0,105.0
2024-10-24T00:00:00.000Z,Finished,New Orleans,CHI,NOP,111.0,123.0
2024-10-24T01:00:00.000Z,Finished,Salt Lake City,MEM,UTA,126.0,124.0
2024-10-24T02:00:00.000Z,Finished,Inglewood,PHX,LAC,116.0,113.0
2024-10-24T02:00:00.000Z,Finished,Portland,GSW,POR,139.0,104.0
2024-10-24T23:00:00.000Z,Finished,Washington,BOS,WAS,122.0,102.0
2024-10-24T23:30:00.000Z,Finished,Dallas,SAS,DAL,109.0,120.0
2024-10-25T02:00:00.000Z,Finished,Denver,OKC,DEN,102.0,87.0
2024-10-25T02:00:00.000Z,Finished,Sacramento,MIN,SAC,117.0,115.0
2024-10-25T23:00:00.000Z,Finished,Orlando,BKN,ORL,101.0,116.0
2024-10-25T23:00:00.000Z,Finished,Toronto,PHI,TOR,107.0,115.0
2024-10-25T23:30:00.000Z,Finished,Atlanta,CHA,ATL,120.0,125.0
2024-10-25T23:30:00.000Z,Finished,Cleveland,DET,CLE,101.0,113.0
2024-10-25T23:30:00.000Z,Finished,New York,IND,NYK,98.0,123.0
2024-10-26T00:00:00.000Z,Finished,Houston,MEM,HOU,108.0,128.0
2024-10-26T00:00:00.000Z,Finished,Milwaukee,CHI,MIL,133.0,122.0
2024-10-26T01:30:00.000Z,Finished,Salt Lake City,GSW,UTA,127.0,86.0
2024-10-26T02:00:00.000Z,Finished,Los Angeles,PHX,LAL,116.0,123.0
2024-10-26T02:00:00.000Z,Finished,Portland,NOP,POR,105.0,103.0
2024-10-26T21:00:00.000Z,Finished,Denver,LAC,DEN,109.0,104.0
2024-10-26T23:00:00.000Z,Finished,Charlotte,MIA,CHA,114.0,106.0
2024-10-26T23:00:00.000Z,Finished,Detroit,BOS,DET,124.0,118.0
2024-10-26T23:00:00.000Z,Finished,Washington,CLE,WAS,135.0,116.0
2024-10-27T00:00:00.000Z,Finished,Chicago,OKC,CHI,114.0,95.0
2024-10-27T00:00:00.000Z,Finished,Memphis,ORL,MEM,111.0,124.0
2024-10-27T00:00:00.000Z,Finished,Minneapolis,TOR,MIN,101.0,112.0
2024-10-27T00:30:00.000Z,Finished,San Antonio,HOU,SAS,106.0,109.0
2024-10-27T02:00:00.000Z,Finished,Phoenix,DAL,PHX,102.0,114.0
2024-10-27T02:30:00.000Z,Finished,Los Angeles,SAC,LAL,127.0,131.0
2024-10-27T19:30:00.000Z,Finished,Indianapolis,PHI,IND,118.0,114.0
2024-10-27T22:00:00.000Z,Finished,Brooklyn,MIL,BKN,102.0,115.0
2024-10-27T22:00:00.000Z,Finished,Portland,NOP,POR,103.0,125.0
2024-10-27T23:00:00.000Z,Finished,Oklahoma City,ATL,OKC,104.0,128.0
2024-10-28T00:30:00.000Z,Finished,San Francisco,LAC,GSW,112.0,104.0
2024-10-28T23:00:00.000Z,Finished,Orlando,IND,ORL,115.0,119.0
2024-10-28T23:30:00.000Z,Finished,Atlanta,WAS,ATL,121.0,119.0
2024-10-28T23:30:00.000Z,Finished,Boston,MIL,BOS,108.0,119.0
2024-10-28T23:30:00.000Z,Finished,Miami,DET,MIA,98.0,106.0
2024-10-28T23:30:00.000Z,Finished,New York,CLE,NYK,110.0,104.0
2024-10-28T23:30:00.000Z,Finished,Toronto,DEN,TOR,127.0,125.0
2024-10-29T00:00:00.000Z,Finished,Memphis,CHI,MEM,126.0,123.0
2024-10-29T00:00:00.000Z,Finished,San Antonio,HOU,SAS,106.0,101.0
2024-10-29T00:30:00.000Z,Finished,Dallas,UTA,DAL,102.0,110.0
2024-10-29T02:00:00.000Z,Finished,Phoenix,LAL,PHX,105.0,109.0
2024-10-29T02:00:00.000Z,Finished,Sacramento,POR,SAC,98.0,111.0
2024-10-29T23:30:00.000Z,Finished,Brooklyn,DEN,BKN,144.0,139.0
2024-10-29T23:30:00.000Z,Finished,Minneapolis,DAL,MIN,120.0,114.0
2024-10-30T01:00:00.000Z,Finished,Salt Lake City,SAC,UTA,113.0,96.0
2024-10-30T02:00:00.000Z,Finished,San Francisco,NOP,GSW,106.0,124.0
2024-10-30T23:00:00.000Z,Finished,Charlotte,TOR,CHA,133.0,138.0
2024-10-30T23:00:00.000Z,Finished,Cleveland,LAL,CLE,110.0,134.0
2024-10-30T23:00:00.000Z,Finished,Indianapolis,BOS,IND,132.0,135.0
2024-10-30T23:00:00.000Z,Finished,Philadelphia,DET,PHI,105.0,95.0
2024-10-30T23:00:00.000Z,Finished,Washington,ATL,WAS,120.0,133.0
2024-10-30T23:30:00.000Z,Finished,Miami,NYK,MIA,116.0,107.0
2024-10-31T00:00:00.000Z,Finished,Chicago,ORL,CHI,99.0,102.0
2024-10-31T00:00:00.000Z,Finished,Memphis,BKN,MEM,119.0,106.0
2024-10-31T01:30:00.000Z,Finished,Oklahoma City,SAS,OKC,93.0,105.0
2024-10-31T02:00:00.000Z,Finished,San Francisco,NOP,GSW,89.0,104.0
2024-10-31T02:30:00.000Z,Finished,Inglewood,POR,LAC,106.0,105.0
2024-11-01T00:00:00.000Z,Finished,Memphis,MIL,MEM,99.0,122.0
2024-11-01T00:30:00.000Z,Finished,Dallas,HOU,DAL,108.0,102.0
2024-11-01T01:00:00.000Z,Finished,Salt Lake City,SAS,UTA,106.0,88.0
2024-11-01T02:30:00.000Z,Finished,Inglewood,PHX,LAC,125.0,119.0
2024-11-01T23:00:00.000Z,Finished,Charlotte,BOS,CHA,124.0,109.0
2024-11-01T23:00:00.000Z,Finished,Cleveland,ORL,CLE,109.0,120.0
2024-11-01T23:00:00.000Z,Finished,Detroit,NYK,DET,128.0,98.0
2024-11-01T23:30:00.000Z,Finished,Atlanta,SAC,ATL,123.0,115.0
2024-11-01T23:30:00.000Z,Finished,Brooklyn,CHI,BKN,112.0,120.0
2024-11-01T23:30:00.000Z,Finished,Toronto,LAL,TOR,131.0,125.0
2024-11-02T00:00:00.000Z,Finished,New Orleans,IND,NOP,118.0,125.0
2024-11-02T01:30:00.000Z,Finished,Minneapolis,DEN,MIN,116.0,119.0
2024-11-02T02:00:00.000Z,Finished,Portland,OKC,POR,137.0,114.0
2024-11-02T22:00:00.000Z,Finished,Charlotte,BOS,CHA,113.0,103.0
2024-11-02T23:30:00.000Z,Finished,Philadelphia,MEM,PHI,124.0,107.0
2024-11-02T23:30:00.000Z,Finished,Toronto,SAC,TOR,128.0,131.0
2024-11-03T00:00:00.000Z,Finished,Houston,GSW,HOU,127.0,121.0
2024-11-03T00:00:00.000Z,Finished,Milwaukee,CLE,MIL,114.0,113.0
2024-11-03T00:00:00.000Z,Finished,San Antonio,MIN,SAS,103.0,113.0
2024-11-03T01:30:00.000Z,Finished,Mexico City,MIA,WAS,118.0,98.0
2024-11-03T02:00:00.000Z,Finished,Denver,UTA,DEN,103.0,129.0
2024-11-03T02:00:00.000Z,Finished,Phoenix,POR,PHX,97.0,103.0
2024-11-03T02:30:00.000Z,Finished,Inglewood,OKC,LAC,105.0,92.0
2024-11-03T20:30:00.000Z,Finished,Brooklyn,DET,BKN,106.0,92.0
2024-11-04T00:00:00.000Z,Finished,New Orleans,ATL,NOP,126.0,111.0
2024-11-04T00:30:00.000Z,Finished,Dallas,ORL,DAL,85.0,108.0
2024-11-05T00:00:00.000Z,Finished,Cleveland,MIL,CLE,114.0,116.0
2024-11-05T00:15:00.000Z,Finished,Washington,GSW,WAS,125.0,112.0
2024-11-05T00:30:00.000Z,Finished,Detroit,LAL,DET,103.0,115.0
2024-11-05T00:45:00.000Z,Finished,Atlanta,BOS,ATL,123.0,93.0
2024-11-05T01:00:00.000Z,Finished,Brooklyn,MEM,BKN,104.0,106.0
2024-11-05T01:15:00.000Z,Finished,Miami,SAC,MIA,111.0,110.0
2024-11-05T01:30:00.000Z,Finished,Chicago,UTA,CHI,135.0,126.0
2024-11-05T01:45:00.000Z,Finished,Houston,NYK,HOU,97.0,109.0
2024-11-05T02:00:00.000Z,Finished,Minneapolis,CHA,MIN,93.0,114.0
2024-11-05T02:15:00.000Z,Finished,Oklahoma City,ORL,OKC,86.0,102.0
2024-11-05T02:30:00.000Z,Finished,New Orleans,POR,NOP,118.0,100.0
2024-11-05T02:45:00.000Z,Finished,Dallas,IND,DAL,134.0,127.0
2024-11-05T03:00:00.000Z,Finished,Denver,TOR,DEN,119.0,121.0
2024-11-05T03:15:00.000Z,Finished,Phoenix,PHI,PHX,116.0,118.0
2024-11-05T03:30:00.000Z,Finished,Inglewood,SAS,LAC,104.0,113.0
2024-11-07T00:00:00.000Z,Finished,Charlotte,DET,CHA,107.0,108.0
2024-11-07T00:00:00.000Z,Finished,Indianapolis,ORL,IND,111.0,118.0
2024-11-07T00:30:00.000Z,Finished,Atlanta,NYK,ATL,116.0,121.0
2024-11-07T00:30:00.000Z,Finished,Boston,GSW,BOS,118.0,112.0
2024-11-07T01:00:00.000Z,Finished,Houston,SAS,HOU,100.0,127.0
2024-11-07T01:00:00.000Z,Finished,Memphis,LAL,MEM,114.0,131.0
2024-11-07T01:00:00.000Z,Finished,New Orleans,CLE,NOP,131.0,122.0
2024-11-07T01:30:00.000Z,Finished,Dallas,CHI,DAL,99.0,119.0
2024-11-07T02:00:00.000Z,Finished,Denver,OKC,DEN,122.0,124.0
2024-11-07T02:00:00.000Z,Finished,Phoenix,MIA,PHX,112.0,115.0
2024-11-07T03:00:00.000Z,Finished,Inglewood,PHI,LAC,98.0,110.0
2024-11-07T03:00:00.000Z,Finished,Sacramento,TOR,SAC,107.0,122.0
2024-11-08T01:00:00.000Z,Finished,Chicago,MIN,CHI,135.0,119.0
2024-11-08T01:00:00.000Z,Finished,Milwaukee,UTA,MIL,100.0,123.0
2024-11-08T01:00:00.000Z,Finished,San Antonio,POR,SAS,105.0,118.0
2024-11-09T00:00:00.000Z,Finished,Charlotte,IND,CHA,83.0,103.0
2024-11-09T00:00:00.000Z,Finished,Detroit,ATL,DET,121.0,122.0
2024-11-09T00:00:00.000Z,Finished,Orlando,NOP,ORL,88.0,115.0
2024-11-09T00:30:00.000Z,Finished,Boston,BKN,BOS,104.0,108.0
2024-11-09T00:30:00.000Z,Finished,Cleveland,GSW,CLE,117.0,136.0
2024-11-09T00:30:00.000Z,Finished,New York,MIL,NYK,94.0,116.0
2024-11-09T00:30:00.000Z,Finished,Dallas,PHX,DAL,114.0,113.0
2024-11-09T01:00:00.000Z,Finished,Memphis,WAS,MEM,104.0,128.0
2024-11-09T01:00:00.000Z,Finished,Oklahoma City,HOU,OKC,107.0,126.0
2024-11-09T02:00:00.000Z,Finished,Minneapolis,POR,MIN,102.0,127.0
2024-11-09T02:00:00.000Z,Finished,Denver,MIA,DEN,122.0,135.0
2024-11-09T03:00:00.000Z,Finished,Los Angeles,PHI,LAL,106.0,116.0
2024-11-09T03:00:00.000Z,Finished,Sacramento,LAC,SAC,107.0,98.0
2024-11-09T22:00:00.000Z,Finished,San Antonio,UTA,SAS,111.0,110.0
2024-11-10T00:30:00.000Z,Finished,Atlanta,CHI,ATL,125.0,113.0
2024-11-10T00:30:00.000Z,Finished,Cleveland,BKN,CLE,100.0,105.0
2024-11-10T03:30:00.000Z,Finished,Inglewood,TOR,LAC,103.0,105.0
2024-11-10T20:00:00.000Z,Finished,Detroit,HOU,DET,101.0,99.0
2024-11-10T20:30:00.000Z,Finished,Milwaukee,BOS,MIL,113.0,107.0
2024-11-10T22:00:00.000Z,Finished,Indianapolis,NYK,IND,121.0,132.0
2024-11-10T23:00:00.000Z,Finished,Orlando,WAS,ORL,94.0,121.0
2024-11-11T00:00:00.000Z,Finished,Philadelphia,CHA,PHI,105.0,107.0
2024-11-11T00:00:00.000Z,Finished,Minneapolis,MIA,MIN,95.0,94.0
2024-11-11T00:00:00.000Z,Finished,Oklahoma City,GSW,OKC,127.0,116.0
2024-11-11T01:00:00.000Z,Finished,Denver,DAL,DEN,120.0,122.0
2024-11-11T01:00:00.000Z,Finished,Phoenix,SAC,PHX,127.0,118.0
2024-11-11T02:00:00.000Z,Finished,Portland,MEM,POR,134.0,89.0
2024-11-11T02:30:00.000Z,Finished,Los Angeles,TOR,LAL,103.0,123.0
2024-11-12T01:00:00.000Z,Finished,Chicago,CLE,CHI,119.0,113.0
2024-11-12T01:00:00.000Z,Finished,Houston,WAS,HOU,92.0,107.0
2024-11-12T01:00:00.000Z,Finished,New Orleans,BKN,NOP,107.0,105.0
2024-11-12T01:00:00.000Z,Finished,Oklahoma City,LAC,OKC,128.0,134.0
2024-11-12T01:00:00.000Z,Finished,San Antonio,SAC,SAS,96.0,116.0
2024-11-13T00:00:00.000Z,Finished,Boston,ATL,BOS,117.0,116.0
2024-11-13T00:00:00.000Z,Finished,Detroit,MIA,DET,121.0,123.0
2024-11-13T00:00:00.000Z,Finished,Orlando,CHA,ORL,89.0,114.0
2024-11-13T00:30:00.000Z,Finished,Philadelphia,NYK,PHI,111.0,99.0
2024-11-13T01:00:00.000Z,Finished,Milwaukee,TOR,MIL,85.0,99.0
2024-11-13T02:00:00.000Z,Finished,Salt Lake City,PHX,UTA,120.0,112.0
2024-11-13T03:00:00.000Z,Finished,San Francisco,DAL,GSW,117.0,120.0
2024-11-13T03:00:00.000Z,Finished,Portland,MIN,POR,108.0,122.0
2024-11-14T00:00:00.000Z,Finished,Orlando,IND,ORL,90.0,94.0
2024-11-14T00:30:00.000Z,Finished,Brooklyn,BOS,BKN,139.0,114.0
2024-11-14T00:30:00.000Z,Finished,New York,CHI,NYK,124.0,123.0
2024-11-14T00:30:00.000Z,Finished,Philadelphia,CLE,PHI,114.0,106.0
2024-11-14T00:30:00.000Z,Finished,Oklahoma City,NOP,OKC,88.0,106.0
2024-11-14T01:00:00.000Z,Finished,Houston,LAC,HOU,103.0,111.0
2024-11-14T01:00:00.000Z,Finished,Milwaukee,DET,MIL,120.0,127.0
2024-11-14T01:00:00.000Z,Finished,San Antonio,WAS,SAS,130.0,139.0
2024-11-14T03:00:00.000Z,Finished,Los Angeles,MEM,LAL,123.0,128.0
2024-11-14T03:00:00.000Z,Finished,Portland,MIN,POR,98.0,106.0
2024-11-14T03:00:00.000Z,Finished,Sacramento,PHX,SAC,104.0,127.0
2024-11-15T02:00:00.000Z,Finished,Salt Lake City,DAL,UTA,113.0,115.0
2024-11-16T00:00:00.000Z,Finished,Indianapolis,MIA,IND,124.0,111.0
2024-11-16T00:00:00.000Z,Finished,Orlando,PHI,ORL,86.0,98.0
2024-11-16T00:00:00.000Z,Finished,Toronto,DET,TOR,99.0,95.0
2024-11-16T00:30:00.000Z,Finished,Atlanta,WAS,ATL,117.0,129.0
2024-11-16T00:30:00.000Z,Finished,Cleveland,CHI,CLE,126.0,144.0
2024-11-16T00:30:00.000Z,Finished,New York,BKN,NYK,122.0,124.0
2024-11-16T00:30:00.000Z,Finished,San Antonio,LAL,SAS,120.0,115.0
2024-11-16T01:00:00.000Z,Finished,Houston,LAC,HOU,104.0,125.0
2024-11-16T01:00:00.000Z,Finished,New Orleans,DEN,NOP,94.0,101.0
2024-11-16T01:00:00.000Z,Finished,Oklahoma City,PHX,OKC,83.0,99.0
2024-11-16T03:00:00.000Z,Finished,San Francisco,MEM,GSW,118.0,123.0
2024-11-16T03:00:00.000Z,Finished,Sacramento,MIN,SAC,130.0,126.0
2024-11-16T20:00:00.000Z,Finished,Charlotte,MIL,CHA,114.0,115.0
2024-11-17T01:00:00.000Z,Finished,Boston,TOR,BOS,123.0,126.0
2024-11-17T01:00:00.000Z,Finished,New Orleans,LAL,NOP,104.0,99.0
2024-11-17T01:30:00.000Z,Finished,Dallas,SAS,DAL,93.0,110.0
2024-11-17T03:00:00.000Z,Finished,Sacramento,UTA,SAC,117.0,121.0
2024-11-17T20:30:00.000Z,Finished,Minneapolis,PHX,MIN,117.0,120.0
2024-11-17T22:00:00.000Z,Finished,Indianapolis,MIA,IND,110.0,119.0
2024-11-17T23:00:00.000Z,Finished,Cleveland,CHA,CLE,114.0,128.0
2024-11-17T23:00:00.000Z,Finished,Washington,DET,WAS,124.0,104.0
2024-11-17T23:00:00.000Z,Finished,Memphis,DEN,MEM,90.0,105.0
2024-11-17T23:00:00.000Z,Finished,Portland,ATL,POR,110.0,114.0
2024-11-18T00:00:00.000Z,Finished,New York,BKN,NYK,104.0,114.0
2024-11-18T00:00:00.000Z,Finished,Chicago,HOU,CHI,143.0,107.0
2024-11-18T00:00:00.000Z,Finished,Oklahoma City,DAL,OKC,121.0,119.0
2024-11-18T02:00:00.000Z,Finished,Inglewood,UTA,LAC,105.0,116.0
2024-11-19T00:00:00.000Z,Finished,Detroit,CHI,DET,122.0,112.0
2024-11-19T00:30:00.000Z,Finished,Miami,PHI,MIA,89.0,106.0
2024-11-19T00:30:00.000Z,Finished,New York,WAS,NYK,106.0,134.0
2024-11-19T00:30:00.000Z,Finished,Toronto,IND,TOR,119.0,130.0
2024-11-19T01:00:00.000Z,Finished,Milwaukee,HOU,MIL,100.0,101.0
2024-11-19T02:00:00.000Z,Finished,Phoenix,ORL,PHX,109.0,99.0
2024-11-19T03:00:00.000Z,Finished,Sacramento,ATL,SAC,109.0,108.0
2024-11-19T03:30:00.000Z,Finished,Inglewood,GSW,LAC,99.0,102.0
2024-11-20T00:00:00.000Z,Finished,Boston,CLE,BOS,117.0,120.0
2024-11-20T00:30:00.000Z,Finished,Brooklyn,CHA,BKN,115.0,116.0
2024-11-20T01:00:00.000Z,Finished,Memphis,DEN,MEM,122.0,110.0
2024-11-20T01:30:00.000Z,Finished,Dallas,NOP,DAL,91.0,132.0
2024-11-20T02:30:00.000Z,Finished,San Antonio,OKC,SAS,104.0,110.0
2024-11-20T03:30:00.000Z,Finished,Los Angeles,UTA,LAL,118.0,124.0
2024-11-21T00:30:00.000Z,Finished,Cleveland,NOP,CLE,100.0,128.0
2024-11-21T00:30:00.000Z,Finished,Milwaukee,CHI,MIL,106.0,122.0
2024-11-21T01:00:00.000Z,Finished,Houston,IND,HOU,113.0,130.0
2024-11-21T01:00:00.000Z,Finished,Memphis,PHI,MEM,111.0,117.0
2024-11-21T01:00:00.000Z,Finished,Oklahoma City,POR,OKC,99.0,109.0
2024-11-21T03:00:00.000Z,Finished,Phoenix,NYK,PHX,138.0,122.0
2024-11-21T03:00:00.000Z,Finished,San Francisco,ATL,GSW,97.0,120.0
2024-11-21T03:30:00.000Z,Finished,Inglewood,ORL,LAC,93.0,104.0
2024-11-22T00:00:00.000Z,Finished,Charlotte,DET,CHA,121.0,123.0
2024-11-22T00:30:00.000Z,Finished,Toronto,MIN,TOR,105.0,110.0
2024-11-22T01:00:00.000Z,Finished,San Antonio,UTA,SAS,118.0,126.0
2024-11-22T03:30:00.000Z,Finished,Los Angeles,ORL,LAL,119.0,118.0
2024-11-23T00:00:00.000Z,Finished,Philadelphia,BKN,PHI,98.0,113.0
2024-11-23T00:00:00.000Z,Finished,Washington,BOS,WAS,108.0,96.0
2024-11-23T00:30:00.000Z,Finished,Milwaukee,IND,MIL,117.0,129.0
2024-11-23T01:00:00.000Z,Finished,Chicago,ATL,CHI,122.0,136.0
2024-11-23T01:00:00.000Z,Finished,Houston,POR,HOU,88.0,116.0
2024-11-23T01:00:00.000Z,Finished,New Orleans,GSW,NOP,112.0,108.0
2024-11-23T03:00:00.000Z,Finished,Denver,DAL,DEN,123.0,120.0
2024-11-23T03:30:00.000Z,Finished,Inglewood,SAC,LAC,88.0,104.0
2024-11-23T22:00:00.000Z,Finished,Salt Lake City,NYK,UTA,106.0,121.0
2024-11-24T00:00:00.000Z,Finished,Orlando,DET,ORL,100.0,111.0
2024-11-24T01:00:00.000Z,Finished,Chicago,MEM,CHI,142.0,131.0
2024-11-24T01:00:00.000Z,Finished,Houston,POR,HOU,104.0,98.0
2024-11-24T01:00:00.000Z,Finished,Milwaukee,CHA,MIL,119.0,125.0
2024-11-24T01:30:00.000Z,Finished,San Antonio,GSW,SAS,94.0,104.0
2024-11-24T03:30:00.000Z,Finished,Los Angeles,DEN,LAL,127.0,102.0
2024-11-24T20:30:00.000Z,Finished,Boston,MIN,BOS,105.0,107.0
2024-11-24T22:00:00.000Z,Finished,Indianapolis,WAS,IND,103.0,115.0
2024-11-24T23:00:00.000Z,Finished,Miami,DAL,MIA,118.0,123.0
2024-11-24T23:00:00.000Z,Finished,Philadelphia,LAC,PHI,125.0,99.0
2024-11-25T00:30:00.000Z,Finished,Cleveland,TOR,CLE,108.0,122.0
2024-11-25T02:00:00.000Z,Finished,Sacramento,BKN,SAC,108.0,103.0
2024-11-26T00:00:00.000Z,Finished,Charlotte,ORL,CHA,95.0,84.0
2024-11-26T00:00:00.000Z,Finished,Detroit,TOR,DET,100.0,102.0
2024-11-26T00:00:00.000Z,Finished,Indianapolis,NOP,IND,110.0,114.0
2024-11-26T00:30:00.000Z,Finished,Atlanta,DAL,ATL,129.0,119.0
2024-11-26T00:30:00.000Z,Finished,Boston,LAC,BOS,94.0,126.0
2024-11-26T01:00:00.000Z,Finished,Memphis,POR,MEM,98.0,123.0
2024-11-26T02:00:00.000Z,Finished,Denver,NYK,DEN,145.0,118.0
2024-11-26T03:00:00.000Z,Finished,San Francisco,BKN,GSW,128.0,120.0
2024-11-26T03:00:00.000Z,Finished,Sacramento,OKC,SAC,130.0,109.0
2024-11-27T00:00:00.000Z,Finished,Washington,CHI,WAS,127.0,108.0
2024-11-27T00:30:00.000Z,Finished,Miami,MIL,MIA,106.0,103.0
2024-11-27T01:00:00.000Z,Finished,Minneapolis,HOU,MIN,117.0,111.0
2024-11-27T02:00:00.000Z,Finished,Salt Lake City,SAS,UTA,128.0,115.0
2024-11-27T03:00:00.000Z,Finished,Phoenix,LAL,PHX,100.0,127.0
2024-11-28T00:00:00.000Z,Finished,Charlotte,MIA,CHA,98.0,94.0
2024-11-28T00:00:00.000Z,Finished,Cleveland,ATL,CLE,135.0,124.0
2024-11-28T00:00:00.000Z,Finished,Indianapolis,POR,IND,114.0,121.0
2024-11-28T00:00:00.000Z,Finished,Orlando,CHI,ORL,119.0,133.0
2024-11-28T00:00:00.000Z,Finished,Philadelphia,HOU,PHI,122.0,115.0
2024-11-28T00:00:00.000Z,Finished,Washington,LAC,WAS,121.0,96.0
2024-11-28T00:30:00.000Z,Finished,Dallas,NYK,DAL,114.0,129.0
2024-11-28T01:00:00.000Z,Finished,Memphis,DET,MEM,111.0,131.0
2024-11-28T01:00:00.000Z,Finished,Minneapolis,SAC,MIN,115.0,104.0
2024-11-28T01:00:00.000Z,Finished,New Orleans,TOR,NOP,119.0,93.0
2024-11-28T01:30:00.000Z,Finished,San Antonio,LAL,SAS,119.0,101.0
2024-11-28T02:00:00.000Z,Finished,Phoenix,BKN,PHX,127.0,117.0
2024-11-28T02:00:00.000Z,Finished,Salt Lake City,DEN,UTA,122.0,103.0
2024-11-28T03:00:00.000Z,Finished,San Francisco,OKC,GSW,105.0,101.0
2024-11-29T17:00:00.000Z,Finished,Charlotte,NYK,CHA,99.0,98.0
2024-11-29T19:30:00.000Z,Finished,Atlanta,CLE,ATL,101.0,117.0
2024-11-29T22:00:00.000Z,Finished,Memphis,NOP,MEM,109.0,120.0
2024-11-30T00:30:00.000Z,Finished,Brooklyn,ORL,BKN,123.0,100.0
2024-11-30T00:30:00.000Z,Finished,Minneapolis,LAC,MIN,92.0,93.0
2024-11-30T01:00:00.000Z,Finished,Indianapolis,DET,IND,130.0,106.0
2024-11-30T01:00:00.000Z,Finished,Miami,TOR,MIA,111.0,121.0
2024-11-30T01:00:00.000Z,Finished,Chicago,BOS,CHI,138.0,129.0
2024-11-30T03:00:00.000Z,Finished,Los Angeles,OKC,LAL,101.0,93.0
2024-11-30T03:00:00.000Z,Finished,Portland,SAC,POR,106.0,115.0
2024-11-30T23:00:00.000Z,Finished,Charlotte,ATL,CHA,107.0,104.0
2024-12-01T00:00:00.000Z,Finished,Detroit,PHI,DET,111.0,96.0
2024-12-01T01:00:00.000Z,Finished,Milwaukee,WAS,MIL,114.0,124.0
2024-12-01T02:00:00.000Z,Finished,Phoenix,GSW,PHX,105.0,113.0
2024-12-01T02:30:00.000Z,Finished,Salt Lake City,DAL,UTA,106.0,94.0
2024-12-01T20:30:00.000Z,Finished,Brooklyn,ORL,BKN,100.0,92.0
2024-12-01T20:30:00.000Z,Finished,Memphis,IND,MEM,121.0,136.0
2024-12-01T23:00:00.000Z,Finished,Cleveland,BOS,CLE,111.0,115.0
2024-12-01T23:00:00.000Z,Finished,New York,NOP,NYK,85.0,118.0
2024-12-01T23:00:00.000Z,Finished,Toronto,MIA,TOR,116.0,119.0
2024-12-02T00:00:00.000Z,Finished,Houston,OKC,HOU,116.0,119.0
2024-12-02T01:00:00.000Z,Finished,Salt Lake City,LAL,UTA,105.0,104.0
2024-12-02T02:00:00.000Z,Finished,Portland,DAL,POR,137.0,131.0
2024-12-02T02:00:00.000Z,Finished,Sacramento,SAS,SAC,127.0,125.0
2024-12-02T03:00:00.000Z,Finished,Inglewood,DEN,LAC,122.0,126.0
2024-12-03T00:30:00.000Z,Finished,Atlanta,NOP,ATL,112.0,124.0
2024-12-03T00:30:00.000Z,Finished,Boston,MIA,BOS,89.0,108.0
2024-12-03T01:00:00.000Z,Finished,Chicago,BKN,CHI,102.0,128.0
2024-12-03T01:00:00.000Z,Finished,Minneapolis,LAL,MIN,80.0,109.0
2024-12-04T00:00:00.000Z,Finished,Charlotte,PHI,CHA,110.0,104.0
2024-12-04T00:00:00.000Z,Finished,Cleveland,WAS,CLE,87.0,118.0
2024-12-04T00:00:00.000Z,Finished,Detroit,MIL,DET,128.0,107.0
2024-12-04T00:30:00.000Z,Finished,New York,ORL,NYK,106.0,121.0
2024-12-04T00:30:00.000Z,Finished,Toronto,IND,TOR,111.0,122.0
2024-12-04T01:00:00.000Z,Finished,Oklahoma City,UTA,OKC,106.0,133.0
2024-12-04T01:30:00.000Z,Finished,Dallas,MEM,DAL,116.0,121.0
2024-12-04T02:00:00.000Z,Finished,Phoenix,SAS,PHX,93.0,104.0
2024-12-04T03:00:00.000Z,Finished,Denver,GSW,DEN,115.0,119.0
2024-12-04T03:00:00.000Z,Finished,Sacramento,HOU,SAC,111.0,120.0
2024-12-04T03:30:00.000Z,Finished,Inglewood,POR,LAC,105.0,127.0
2024-12-05T00:30:00.000Z,Finished,Boston,DET,BOS,120.0,130.0
2024-12-05T00:30:00.000Z,Finished,Brooklyn,IND,BKN,90.0,99.0
2024-12-05T00:30:00.000Z,Finished,Miami,LAL,MIA,93.0,134.0
2024-12-05T00:30:00.000Z,Finished,Philadelphia,ORL,PHI,106.0,102.0
2024-12-05T01:00:00.000Z,Finished,Milwaukee,ATL,MIL,119.0,104.0
2024-12-05T03:30:00.000Z,Finished,Inglewood,MIN,LAC,108.0,80.0
2024-12-06T00:00:00.000Z,Finished,Cleveland,DEN,CLE,114.0,126.0
2024-12-06T00:00:00.000Z,Finished,Washington,DAL,WAS,137.0,101.0
2024-12-06T00:30:00.000Z,Finished,New York,CHA,NYK,101.0,125.0
2024-12-06T00:30:00.000Z,Finished,Toronto,OKC,TOR,129.0,92.0
2024-12-06T01:00:00.000Z,Finished,Memphis,SAC,MEM,110.0,115.0
2024-12-06T01:00:00.000Z,Finished,New Orleans,PHX,NOP,124.0,126.0
2024-12-06T01:00:00.000Z,Finished,San Antonio,CHI,SAS,139.0,124.0
2024-12-06T03:00:00.000Z,Finished,San Francisco,HOU,GSW,93.0,99.0
2024-12-07T00:00:00.000Z,Finished,Philadelphia,ORL,PHI,94.0,102.0
2024-12-07T00:30:00.000Z,Finished,Atlanta,LAL,ATL,132.0,134.0
2024-12-07T00:30:00.000Z,Finished,Boston,MIL,BOS,105.0,111.0
2024-12-07T01:00:00.000Z,Finished,Chicago,IND,CHI,132.0,123.0
2024-12-07T01:00:00.000Z,Finished,San Antonio,SAC,SAS,140.0,113.0
2024-12-07T03:00:00.000Z,Finished,San Francisco,MIN,GSW,107.0,90.0
2024-12-07T03:00:00.000Z,Finished,Portland,UTA,POR,141.0,99.0
2024-12-07T18:00:00.000Z,Finished,Charlotte,CLE,CHA,116.0,102.0
2024-12-08T00:00:00.000Z,Finished,Washington,DEN,WAS,113.0,122.0
2024-12-08T00:00:00.000Z,Finished,New Orleans,OKC,NOP,119.0,109.0
2024-12-08T00:30:00.000Z,Finished,New York,DET,NYK,120.0,111.0
2024-12-08T00:30:00.000Z,Finished,Toronto,DAL,TOR,125.0,118.0
2024-12-08T01:00:00.000Z,Finished,Boston,MEM,BOS,127.0,121.0
2024-12-08T01:00:00.000Z,Finished,Miami,PHX,MIA,111.0,121.0
2024-12-08T18:00:00.000Z,Finished,Chicago,PHI,CHI,108.0,100.0
2024-12-08T20:30:00.000Z,Finished,Brooklyn,MIL,BKN,118.0,113.0
2024-12-08T22:00:00.000Z,Finished,Indianapolis,CHA,IND,113.0,109.0
2024-12-08T23:00:00.000Z,Finished,Atlanta,DEN,ATL,141.0,111.0
2024-12-08T23:00:00.000Z,Finished,Miami,CLE,MIA,113.0,122.0
2024-12-08T23:30:00.000Z,Finished,Orlando,PHX,ORL,110.0,115.0
2024-12-09T00:00:00.000Z,Finished,Washington,MEM,WAS,140.0,112.0
2024-12-09T00:00:00.000Z,Finished,San Antonio,NOP,SAS,116.0,121.0
2024-12-09T01:30:00.000Z,Finished,San Francisco,MIN,GSW,106.0,114.0
2024-12-09T02:00:00.000Z,Finished,Inglewood,HOU,LAC,117.0,106.0
2024-12-09T02:00:00.000Z,Finished,Sacramento,UTA,SAC,97.0,141.0
2024-12-09T02:30:00.000Z,Finished,Los Angeles,POR,LAL,98.0,107.0
2024-12-10T00:30:00.000Z,Finished,Toronto,NYK,TOR,113.0,108.0
2024-12-20T00:00:00.000Z,Finished,Detroit,UTA,DET,126.0,119.0
2024-12-20T00:00:00.000Z,Finished,Orlando,OKC,ORL,105.0,99.0
2024-12-20T00:00:00.000Z,Finished,Washington,CHA,WAS,114.0,123.0
2024-12-20T00:30:00.000Z,Finished,Boston,CHI,BOS,117.0,108.0
2024-12-20T00:30:00.000Z,Finished,Toronto,BKN,TOR,101.0,94.0
2024-12-20T01:00:00.000Z,Finished,Houston,NOP,HOU,113.0,133.0
2024-12-20T01:00:00.000Z,Finished,Memphis,GSW,MEM,93.0,144.0
2024-12-20T01:00:00.000Z,Finished,Minneapolis,NYK,MIN,133.0,107.0
2024-12-20T01:30:00.000Z,Finished,Dallas,LAC,DAL,118.0,95.0
2024-12-20T02:00:00.000Z,Finished,Phoenix,IND,PHX,120.0,111.0
2024-12-20T02:30:00.000Z,Finished,San Antonio,ATL,SAS,126.0,133.0
2024-12-20T03:00:00.000Z,Finished,Portland,DEN,POR,124.0,126.0
2024-12-20T03:00:00.000Z,Finished,Sacramento,LAL,SAC,113.0,100.0
2024-12-21T00:00:00.000Z,Finished,Philadelphia,CHA,PHI,98.0,108.0
2024-12-21T00:30:00.000Z,Finished,Cleveland,MIL,CLE,101.0,124.0
2024-12-21T01:00:00.000Z,Finished,Miami,OKC,MIA,104.0,97.0
2024-12-21T23:00:00.000Z,Finished,Sacramento,LAL,SAC,103.0,99.0
2024-12-22T00:00:00.000Z,Finished,Orlando,MIA,ORL,114.0,121.0
2024-12-22T00:30:00.000Z,Finished,Atlanta,MEM,ATL,128.0,112.0
2024-12-22T00:30:00.000Z,Finished,Brooklyn,UTA,BKN,105.0,94.0
2024-12-22T01:00:00.000Z,Finished,Cleveland,PHI,CLE,99.0,126.0
2024-12-22T01:00:00.000Z,Finished,Chicago,BOS,CHI,123.0,98.0
2024-12-22T01:00:00.000Z,Finished,Milwaukee,WAS,MIL,101.0,112.0
2024-12-22T01:00:00.000Z,Finished,Minneapolis,GSW,MIN,113.0,103.0
2024-12-22T01:00:00.000Z,Finished,New Orleans,NYK,NOP,104.0,93.0
2024-12-22T01:30:00.000Z,Finished,Dallas,LAC,DAL,97.0,113.0
2024-12-22T01:30:00.000Z,Finished,San Antonio,POR,SAS,94.0,114.0
2024-12-22T02:00:00.000Z,Finished,Phoenix,DET,PHX,133.0,125.0
2024-12-22T23:00:00.000Z,Finished,Toronto,HOU,TOR,114.0,110.0
2024-12-22T23:00:00.000Z,Finished,Sacramento,IND,SAC,122.0,95.0
2024-12-23T00:00:00.000Z,Finished,New Orleans,DEN,NOP,132.0,129.0
2024-12-24T00:00:00.000Z,Finished,Charlotte,HOU,CHA,114.0,101.0
2024-12-24T00:00:00.000Z,Finished,Cleveland,UTA,CLE,113.0,124.0
2024-12-24T00:00:00.000Z,Finished,Orlando,BOS,ORL,104.0,108.0
2024-12-24T00:00:00.000Z,Finished,Philadelphia,SAS,PHI,106.0,111.0
2024-12-24T00:30:00.000Z,Finished,Atlanta,MIN,ATL,104.0,117.0
2024-12-24T00:30:00.000Z,Finished,Miami,BKN,MIA,95.0,110.0
2024-12-24T00:30:00.000Z,Finished,New York,TOR,NYK,125.0,139.0
2024-12-24T01:00:00.000Z,Finished,Chicago,MIL,CHI,112.0,91.0
2024-12-24T01:00:00.000Z,Finished,Memphis,LAC,MEM,114.0,110.0
2024-12-24T01:00:00.000Z,Finished,Oklahoma City,WAS,OKC,105.0,123.0
2024-12-24T01:30:00.000Z,Finished,Dallas,POR,DAL,108.0,132.0
2024-12-24T03:00:00.000Z,Finished,Denver,PHX,DEN,90.0,117.0
2024-12-24T03:00:00.000Z,Finished,San Francisco,IND,GSW,111.0,105.0
2024-12-24T03:30:00.000Z,Finished,Los Angeles,DET,LAL,117.0,114.0
2024-12-25T17:00:00.000Z,Finished,New York,SAS,NYK,114.0,117.0
2024-12-25T19:30:00.000Z,Finished,Dallas,MIN,DAL,105.0,99.0
2024-12-25T22:00:00.000Z,Finished,Boston,PHI,BOS,118.0,114.0
2024-12-26T01:00:00.000Z,Finished,San Francisco,LAL,GSW,115.0,113.0
2024-12-26T03:30:00.000Z,Finished,Phoenix,DEN,PHX,100.0,110.0
2024-12-27T00:00:00.000Z,Finished,Indianapolis,OKC,IND,120.0,114.0
2024-12-27T00:00:00.000Z,Finished,Orlando,MIA,ORL,89.0,88.0
2024-12-27T00:00:00.000Z,Finished,Washington,CHA,WAS,110.0,113.0
2024-12-27T00:30:00.000Z,Finished,Atlanta,CHI,ATL,133.0,141.0
2024-12-27T01:00:00.000Z,Finished,Memphis,TOR,MEM,126.0,155.0
2024-12-27T01:00:00.000Z,Finished,Milwaukee,BKN,MIL,111.0,105.0
2024-12-27T01:00:00.000Z,Finished,New Orleans,HOU,NOP,128.0,111.0
2024-12-27T03:00:00.000Z,Finished,Portland,UTA,POR,120.0,122.0
2024-12-27T03:00:00.000Z,Finished,Sacramento,DET,SAC,114.0,113.0
2024-12-28T00:00:00.000Z,Finished,Orlando,NYK,ORL,108.0,85.0
2024-12-28T00:30:00.000Z,Finished,Boston,IND,BOS,105.0,142.0
2024-12-28T00:30:00.000Z,Finished,Brooklyn,SAS,BKN,96.0,87.0
2024-12-28T01:00:00.000Z,Finished,Houston,MIN,HOU,113.0,112.0
2024-12-28T01:00:00.000Z,Finished,New Orleans,MEM,NOP,132.0,124.0
2024-12-28T02:00:00.000Z,Finished,Denver,CLE,DEN,149.0,135.0
2024-12-28T02:00:00.000Z,Finished,Phoenix,DAL,PHX,98.0,89.0
2024-12-28T03:00:00.000Z,Finished,Inglewood,GSW,LAC,92.0,102.0
2024-12-28T20:00:00.000Z,Finished,Atlanta,MIA,ATL,110.0,120.0
2024-12-28T23:00:00.000Z,Finished,Charlotte,OKC,CHA,106.0,94.0
2024-12-29T00:00:00.000Z,Finished,Washington,NYK,WAS,136.0,132.0
2024-12-29T01:00:00.000Z,Finished,Chicago,MIL,CHI,111.0,116.0
2024-12-29T01:30:00.000Z,Finished,San Francisco,PHX,GSW,105.0,109.0
2024-12-29T02:00:00.000Z,Finished,Denver,DET,DEN,121.0,134.0
2024-12-29T02:30:00.000Z,Finished,Salt Lake City,PHI,UTA,114.0,111.0
2024-12-29T03:00:00.000Z,Finished,Portland,DAL,POR,122.0,126.0
2024-12-29T03:30:00.000Z,Finished,Los Angeles,SAC,LAL,122.0,132.0
2024-12-29T20:30:00.000Z,Scheduled,Orlando,BKN,ORL,,
2024-12-29T23:00:00.000Z,Scheduled,Boston,IND,BOS,,
2024-12-29T23:00:00.000Z,Scheduled,Toronto,ATL,TOR,,
2024-12-30T00:00:00.000Z,Scheduled,Houston,MIA,HOU,,
2024-12-30T00:00:00.000Z,Scheduled,Oklahoma City,MEM,OKC,,
2024-12-30T01:00:00.000Z,Scheduled,Minneapolis,SAS,MIN,,
2024-12-31T00:00:00.000Z,Scheduled,Charlotte,CHI,CHA,,
2024-12-31T00:00:00.000Z,Scheduled,Washington,NYK,WAS,,
2024-12-31T01:00:00.000Z,Scheduled,New Orleans,LAC,NOP,,
2024-12-31T02:00:00.000Z,Scheduled,Salt Lake City,DEN,UTA,,
2024-12-31T03:00:00.000Z,Scheduled,San Francisco,CLE,GSW,,
2024-12-31T03:00:00.000Z,Scheduled,Portland,PHI,POR,,
2024-12-31T03:00:00.000Z,Scheduled,Sacramento,DAL,SAC,,
2024-12-31T20:00:00.000Z,Scheduled,Boston,TOR,BOS,,
2024-12-31T20:00:00.000Z,Scheduled,Indianapolis,MIL,IND,,
2025-01-01T00:00:00.000Z,Scheduled,San Antonio,LAC,SAS,,
2025-01-01T01:00:00.000Z,Scheduled,Oklahoma City,MIN,OKC,,
2025-01-01T02:00:00.000Z,Scheduled,Phoenix,MEM,PHX,,
2025-01-01T02:00:00.000Z,Scheduled,Los Angeles,CLE,LAL,,
2025-01-02T00:00:00.000Z,Scheduled,Detroit,ORL,DET,,
2025-01-02T00:00:00.000Z,Scheduled,Washington,CHI,WAS,,
2025-01-02T00:30:00.000Z,Scheduled,Miami,NOP,MIA,,
2025-01-02T00:30:00.000Z,Scheduled,New York,UTA,NYK,,
2025-01-02T00:30:00.000Z,Scheduled,Toronto,BKN,TOR,,
2025-01-02T01:00:00.000Z,Scheduled,Houston,DAL,HOU,,
2025-01-02T02:00:00.000Z,Scheduled,Denver,ATL,DEN,,
2025-01-02T03:00:00.000Z,Scheduled,Sacramento,PHI,SAC,,
2025-01-03T00:30:00.000Z,Scheduled,Miami,IND,MIA,,
2025-01-03T00:30:00.000Z,Scheduled,Minneapolis,BOS,MIN,,
2025-01-03T01:00:00.000Z,Scheduled,Milwaukee,BKN,MIL,,
2025-01-03T01:00:00.000Z,Scheduled,Oklahoma City,LAC,OKC,,
2025-01-03T03:00:00.000Z,Scheduled,San Francisco,PHI,GSW,,
2025-01-03T03:30:00.000Z,Scheduled,Los Angeles,POR,LAL,,
2025-01-04T00:00:00.000Z,Scheduled,Detroit,CHA,DET,,
2025-01-04T00:30:00.000Z,Scheduled,Toronto,ORL,TOR,,
2025-01-04T01:00:00.000Z,Scheduled,Houston,BOS,HOU,,
2025-01-04T01:00:00.000Z,Scheduled,New Orleans,WAS,NOP,,
2025-01-04T01:00:00.000Z,Scheduled,Oklahoma City,NYK,OKC,,
2025-01-04T01:30:00.000Z,Scheduled,Dallas,CLE,DAL,,
2025-01-04T02:00:00.000Z,Scheduled,Denver,SAS,DEN,,
2025-01-04T03:00:00.000Z,Scheduled,Sacramento,MEM,SAC,,
2025-01-04T03:30:00.000Z,Scheduled,Los Angeles,ATL,LAL,,
2025-01-04T23:00:00.000Z,Scheduled,Brooklyn,PHI,BKN,,
2025-01-05T00:00:00.000Z,Scheduled,Detroit,MIN,DET,,
2025-01-05T00:00:00.000Z,Scheduled,Indianapolis,PHX,IND,,
2025-01-05T01:00:00.000Z,Scheduled,Miami,UTA,MIA,,
2025-01-05T01:00:00.000Z,Scheduled,Chicago,NYK,CHI,,
2025-01-05T01:00:00.000Z,Scheduled,Milwaukee,POR,MIL,,
2025-01-05T01:00:00.000Z,Scheduled,San Antonio,DEN,SAS,,
2025-01-05T01:30:00.000Z,Scheduled,San Francisco,MEM,GSW,,
2025-01-05T03:30:00.000Z,Scheduled,Inglewood,ATL,LAC,,
2025-01-05T20:30:00.000Z,Scheduled,Oklahoma City,BOS,OKC,,
2025-01-05T23:00:00.000Z,Scheduled,Cleveland,CHA,CLE,,
2025-01-05T23:00:00.000Z,Scheduled,Washington,NOP,WAS,,
2025-01-05T23:30:00.000Z,Scheduled,Orlando,UTA,ORL,,
2025-01-06T00:00:00.000Z,Scheduled,Houston,LAL,HOU,,
2025-01-06T01:30:00.000Z,Scheduled,San Francisco,SAC,GSW,,
2025-01-07T00:00:00.000Z,Scheduled,Detroit,POR,DET,,
2025-01-07T00:00:00.000Z,Scheduled,Philadelphia,PHX,PHI,,
2025-01-07T00:30:00.000Z,Scheduled,Brooklyn,IND,BKN,,
2025-01-07T00:30:00.000Z,Scheduled,New York,ORL,NYK,,
2025-01-07T00:30:00.000Z,Scheduled,Toronto,MIL,TOR,,
2025-01-07T01:00:00.000Z,Scheduled,Chicago,SAS,CHI,,
2025-01-07T01:00:00.000Z,Scheduled,Memphis,DAL,MEM,,
2025-01-07T01:00:00.000Z,Scheduled,Minneapolis,LAC,MIN,,
2025-01-07T03:00:00.000Z,Scheduled,Sacramento,MIA,SAC,,
2025-01-08T00:00:00.000Z,Scheduled,Charlotte,PHX,CHA,,
2025-01-08T00:00:00.000Z,Scheduled,Washington,HOU,WAS,,
2025-01-08T00:30:00.000Z,Scheduled,Dallas,LAL,DAL,,
2025-01-08T01:00:00.000Z,Scheduled,New Orleans,MIN,NOP,,
2025-01-08T02:00:00.000Z,Scheduled,Salt Lake City,ATL,UTA,,
2025-01-08T03:00:00.000Z,Scheduled,Denver,BOS,DEN,,
2025-01-08T03:00:00.000Z,Scheduled,San Francisco,MIA,GSW,,
2025-01-09T00:00:00.000Z,Scheduled,Cleveland,OKC,CLE,,
2025-01-09T00:00:00.000Z,Scheduled,Indianapolis,CHI,IND,,
2025-01-09T00:00:00.000Z,Scheduled,New York,TOR,NYK,,
2025-01-09T00:00:00.000Z,Scheduled,Philadelphia,WAS,PHI,,
2025-01-09T00:30:00.000Z,Scheduled,Brooklyn,DET,BKN,,
2025-01-09T01:00:00.000Z,Scheduled,New Orleans,POR,NOP,,
2025-01-09T02:00:00.000Z,Scheduled,Denver,LAC,DEN,,
2025-01-09T02:30:00.000Z,Scheduled,Milwaukee,SAS,MIL,,
2025-01-10T00:00:00.000Z,Scheduled,Cleveland,TOR,CLE,,
2025-01-10T00:00:00.000Z,Scheduled,Detroit,GSW,DET,,
2025-01-10T00:00:00.000Z,Scheduled,Orlando,MIN,ORL,,
2025-01-10T01:00:00.000Z,Scheduled,Memphis,HOU,MEM,,
2025-01-10T01:30:00.000Z,Scheduled,Dallas,POR,DAL,,
2025-01-10T02:00:00.000Z,Scheduled,Phoenix,ATL,PHX,,
2025-01-10T02:00:00.000Z,Scheduled,Salt Lake City,MIA,UTA,,
2025-01-10T03:30:00.000Z,Scheduled,Los Angeles,CHA,LAL,,
2025-01-11T00:00:00.000Z,Scheduled,Indianapolis,GSW,IND,,
2025-01-11T00:00:00.000Z,Scheduled,Orlando,MIL,ORL,,
2025-01-11T00:00:00.000Z,Scheduled,Philadelphia,NOP,PHI,,
2025-01-11T00:30:00.000Z,Scheduled,Boston,SAC,BOS,,
2025-01-11T00:30:00.000Z,Scheduled,New York,OKC,NYK,,
2025-01-11T01:00:00.000Z,Scheduled,Chicago,WAS,CHI,,
2025-01-11T02:00:00.000Z,Scheduled,Denver,BKN,DEN,,
2025-01-11T20:00:00.000Z,Scheduled,Atlanta,HOU,ATL,,
2025-01-11T22:00:00.000Z,Scheduled,Phoenix,UTA,PHX,,
2025-01-12T00:00:00.000Z,Scheduled,Detroit,TOR,DET,,
2025-01-12T01:00:00.000Z,Scheduled,Minneapolis,MEM,MIN,,
2025-01-12T03:00:00.000Z,Scheduled,Portland,MIA,POR,,
2025-01-12T03:30:00.000Z,Scheduled,Los Angeles,SAS,LAL,,
2025-01-12T03:30:00.000Z,Scheduled,Inglewood,CHA,LAC,,
2025-01-12T20:00:00.000Z,Scheduled,New York,MIL,NYK,,
2025-01-12T20:00:00.000Z,Scheduled,Dallas,DEN,DAL,,
2025-01-12T20:30:00.000Z,Scheduled,Chicago,SAC,CHI,,
2025-01-12T23:00:00.000Z,Scheduled,Boston,NOP,BOS,,
2025-01-12T23:00:00.000Z,Scheduled,Cleveland,IND,CLE,,
2025-01-12T23:00:00.000Z,Scheduled,Orlando,PHI,ORL,,
2025-01-12T23:00:00.000Z,Scheduled,Washington,OKC,WAS,,
2025-01-13T01:00:00.000Z,Scheduled,Salt Lake City,BKN,UTA,,
2025-01-13T02:00:00.000Z,Scheduled,Phoenix,CHA,PHX,,
2025-01-14T00:00:00.000Z,Scheduled,Washington,MIN,WAS,,
2025-01-14T00:30:00.000Z,Scheduled,New York,DET,NYK,,
2025-01-14T00:30:00.000Z,Scheduled,Toronto,GSW,TOR,,
2025-01-14T01:00:00.000Z,Scheduled,Houston,MEM,HOU,,
2025-01-14T03:30:00.000Z,Scheduled,Los Angeles,SAS,LAL,,
2025-01-14T03:30:00.000Z,Scheduled,Inglewood,MIA,LAC,,
2025-01-15T00:00:00.000Z,Scheduled,Indianapolis,CLE,IND,,
2025-01-15T00:00:00.000Z,Scheduled,Philadelphia,OKC,PHI,,
2025-01-15T00:30:00.000Z,Scheduled,Atlanta,PHX,ATL,,
2025-01-15T01:00:00.000Z,Scheduled,Chicago,NOP,CHI,,
2025-01-15T01:00:00.000Z,Scheduled,Milwaukee,SAC,MIL,,
2025-01-15T02:30:00.000Z,Scheduled,Dallas,DEN,DAL,,
2025-01-15T03:00:00.000Z,Scheduled,Portland,BKN,POR,,
2025-01-16T00:30:00.000Z,Scheduled,Philadelphia,NYK,PHI,,
2025-01-16T00:30:00.000Z,Scheduled,Toronto,BOS,TOR,,
2025-01-16T01:00:00.000Z,Scheduled,Chicago,ATL,CHI,,
2025-01-16T01:00:00.000Z,Scheduled,Milwaukee,ORL,MIL,,
2025-01-16T01:00:00.000Z,Scheduled,Minneapolis,GSW,MIN,,
2025-01-16T01:00:00.000Z,Scheduled,New Orleans,DAL,NOP,,
2025-01-16T01:00:00.000Z,Scheduled,San Antonio,MEM,SAS,,
2025-01-16T02:00:00.000Z,Scheduled,Denver,HOU,DEN,,
2025-01-16T02:00:00.000Z,Scheduled,Salt Lake City,CHA,UTA,,
2025-01-16T03:00:00.000Z,Scheduled,Los Angeles,MIA,LAL,,
2025-01-16T03:30:00.000Z,Scheduled,Inglewood,BKN,LAC,,
2025-01-17T00:00:00.000Z,Scheduled,Detroit,IND,DET,,
2025-01-17T00:30:00.000Z,Scheduled,Washington,PHX,WAS,,
2025-01-17T01:00:00.000Z,Scheduled,Oklahoma City,CLE,OKC,,
2025-01-17T03:00:00.000Z,Scheduled,Portland,LAC,POR,,
2025-01-17T03:00:00.000Z,Scheduled,Sacramento,HOU,SAC,,
2025-01-18T00:00:00.000Z,Scheduled,Boston,ORL,BOS,,
2025-01-18T00:30:00.000Z,Scheduled,New York,MIN,NYK,,
2025-01-18T01:00:00.000Z,Scheduled,Miami,DEN,MIA,,
2025-01-18T01:00:00.000Z,Scheduled,Milwaukee,TOR,MIL,,
2025-01-18T01:00:00.000Z,Scheduled,New Orleans,UTA,NOP,,
2025-01-18T01:00:00.000Z,Scheduled,San Antonio,MEM,SAS,,
2025-01-18T01:30:00.000Z,Scheduled,Dallas,OKC,DAL,,
2025-01-18T02:30:00.000Z,Scheduled,Chicago,CHA,CHI,,
2025-01-18T03:30:00.000Z,Scheduled,Los Angeles,BKN,LAL,,
2025-01-18T22:00:00.000Z,Scheduled,Detroit,PHX,DET,,
2025-01-19T00:00:00.000Z,Scheduled,Boston,ATL,BOS,,
2025-01-19T00:00:00.000Z,Scheduled,Indianapolis,PHI,IND,,
2025-01-19T01:30:00.000Z,Scheduled,San Francisco,WAS,GSW,,
2025-01-19T02:00:00.000Z,Scheduled,Minneapolis,CLE,MIN,,
2025-01-19T03:00:00.000Z,Scheduled,Portland,HOU,POR,,
2025-01-19T20:00:00.000Z,Scheduled,Miami,SAS,MIA,,
2025-01-19T23:00:00.000Z,Scheduled,Orlando,DEN,ORL,,
2025-01-20T00:00:00.000Z,Scheduled,Milwaukee,PHI,MIL,,
2025-01-20T00:00:00.000Z,Scheduled,Oklahoma City,BKN,OKC,,
2025-01-20T02:00:00.000Z,Scheduled,Inglewood,LAL,LAC,,
2025-01-20T02:00:00.000Z,Scheduled,Portland,CHI,POR,,
2025-01-20T02:00:00.000Z,Scheduled,Sacramento,WAS,SAC,,
2025-01-20T17:00:00.000Z,Scheduled,Charlotte,DAL,CHA,,
2025-01-20T19:00:00.000Z,Scheduled,Houston,DET,HOU,,
2025-01-20T19:30:00.000Z,Scheduled,Memphis,MIN,MEM,,
2025-01-20T20:00:00.000Z,Scheduled,New York,ATL,NYK,,
2025-01-20T20:30:00.000Z,Scheduled,Cleveland,PHX,CLE,,
2025-01-20T22:00:00.000Z,Scheduled,San Francisco,BOS,GSW,,
2025-01-21T01:00:00.000Z,Scheduled,New Orleans,UTA,NOP,,
2025-01-22T00:30:00.000Z,Scheduled,Brooklyn,NYK,BKN,,
2025-01-22T00:30:00.000Z,Scheduled,Miami,POR,MIA,,
2025-01-22T00:30:00.000Z,Scheduled,Toronto,ORL,TOR,,
2025-01-22T03:00:00.000Z,Scheduled,Denver,PHI,DEN,,
2025-01-22T03:30:00.000Z,Scheduled,Los Angeles,WAS,LAL,,
2025-01-22T03:30:00.000Z,Scheduled,Inglewood,CHI,LAC,,
2025-01-23T00:30:00.000Z,Scheduled,Atlanta,DET,ATL,,
2025-01-23T00:30:00.000Z,Scheduled,Brooklyn,PHX,BKN,,
2025-01-23T00:30:00.000Z,Scheduled,Dallas,MIN,DAL,,
2025-01-23T01:00:00.000Z,Scheduled,Houston,CLE,HOU,,
2025-01-23T01:00:00.000Z,Scheduled,Memphis,CHA,MEM,,
2025-01-23T01:00:00.000Z,Scheduled,New Orleans,MIL,NOP,,
2025-01-23T01:00:00.000Z,Scheduled,Oklahoma City,UTA,OKC,,
2025-01-23T03:00:00.000Z,Scheduled,Sacramento,GSW,SAC,,
2025-01-23T03:30:00.000Z,Scheduled,Inglewood,BOS,LAC,,
2025-01-23T19:00:00.000Z,Scheduled,Paris,SAS,IND,,
2025-01-24T00:00:00.000Z,Scheduled,Orlando,POR,ORL,,
2025-01-24T00:30:00.000Z,Scheduled,Atlanta,TOR,ATL,,
2025-01-24T00:30:00.000Z,Scheduled,Milwaukee,MIA,MIL,,
2025-01-24T01:00:00.000Z,Scheduled,Oklahoma City,DAL,OKC,,
2025-01-24T02:00:00.000Z,Scheduled,Denver,SAC,DEN,,
2025-01-24T02:00:00.000Z,Scheduled,Salt Lake City,WAS,UTA,,
2025-01-24T03:00:00.000Z,Scheduled,San Francisco,CHI,GSW,,
2025-01-24T03:00:00.000Z,Scheduled,Los Angeles,BOS,LAL,,
2025-01-25T00:00:00.000Z,Scheduled,Charlotte,POR,CHA,,
2025-01-25T00:00:00.000Z,Scheduled,Philadelphia,CLE,PHI,,
2025-01-25T01:00:00.000Z,Scheduled,Memphis,NOP,MEM,,
2025-01-25T17:00:00.000Z,Scheduled,Paris,IND,SAS,,
2025-01-25T20:00:00.000Z,Scheduled,Minneapolis,DEN,MIN,,
2025-01-25T22:30:00.000Z,Scheduled,Dallas,BOS,DAL,,
2025-01-25T23:00:00.000Z,Scheduled,Brooklyn,MIA,BKN,,
2025-01-26T00:00:00.000Z,Scheduled,Charlotte,NOP,CHA,,
2025-01-26T00:00:00.000Z,Scheduled,Orlando,DET,ORL,,
2025-01-26T00:30:00.000Z,Scheduled,Atlanta,TOR,ATL,,
2025-01-26T00:30:00.000Z,Scheduled,Cleveland,HOU,CLE,,
2025-01-26T00:30:00.000Z,Scheduled,New York,SAC,NYK,,
2025-01-26T01:00:00.000Z,Scheduled,Chicago,PHI,CHI,,
2025-01-26T01:00:00.000Z,Scheduled,Memphis,UTA,MEM,,
2025-01-26T01:30:00.000Z,Scheduled,San Francisco,LAL,GSW,,
2025-01-26T02:00:00.000Z,Scheduled,Phoenix,WAS,PHX,,
2025-01-26T03:30:00.000Z,Scheduled,Inglewood,MIL,LAC,,
2025-01-26T23:00:00.000Z,Scheduled,Portland,OKC,POR,,
2025-01-28T00:00:00.000Z,Scheduled,Charlotte,LAL,CHA,,
2025-01-28T00:00:00.000Z,Scheduled,Cleveland,DET,CLE,,
2025-01-28T00:30:00.000Z,Scheduled,Boston,HOU,BOS,,
2025-01-28T00:30:00.000Z,Scheduled,Brooklyn,SAC,BKN,,
2025-01-28T00:30:00.000Z,Scheduled,Miami,ORL,MIA,,
2025-01-28T00:30:00.000Z,Scheduled,New York,MEM,NYK,,
2025-01-28T00:30:00.000Z,Scheduled,Toronto,NOP,TOR,,
2025-01-28T01:00:00.000Z,Scheduled,Chicago,DEN,CHI,,
2025-01-28T01:00:00.000Z,Scheduled,Minneapolis,ATL,MIN,,
2025-01-28T01:30:00.000Z,Scheduled,Dallas,WAS,DAL,,
2025-01-28T02:00:00.000Z,Scheduled,Salt Lake City,MIL,UTA,,
2025-01-28T02:30:00.000Z,Scheduled,Phoenix,LAC,PHX,,
2025-01-29T00:30:00.000Z,Scheduled,Philadelphia,LAL,PHI,,
2025-01-29T03:00:00.000Z,Scheduled,San Francisco,UTA,GSW,,
2025-01-29T03:00:00.000Z,Scheduled,Portland,MIL,POR,,
2025-01-30T00:00:00.000Z,Scheduled,Charlotte,BKN,CHA,,
2025-01-30T00:00:00.000Z,Scheduled,Indianapolis,DET,IND,,
2025-01-30T00:00:00.000Z,Scheduled,Washington,TOR,WAS,,
2025-01-30T00:30:00.000Z,Scheduled,Boston,CHI,BOS,,
2025-01-30T00:30:00.000Z,Scheduled,Miami,CLE,MIA,,
2025-01-30T00:30:00.000Z,Scheduled,New York,DEN,NYK,,
2025-01-30T00:30:00.000Z,Scheduled,Philadelphia,SAC,PHI,,
2025-01-30T01:00:00.000Z,Scheduled,New Orleans,DAL,NOP,,
2025-01-30T01:00:00.000Z,Scheduled,San Antonio,LAC,SAS,,
2025-01-30T02:00:00.000Z,Scheduled,Phoenix,MIN,PHX,,
2025-01-30T03:00:00.000Z,Scheduled,San Francisco,OKC,GSW,,
2025-01-31T00:00:00.000Z,Scheduled,Washington,LAL,WAS,,
2025-01-31T00:30:00.000Z,Scheduled,Cleveland,ATL,CLE,,
2025-01-31T00:30:00.000Z,Scheduled,Memphis,HOU,MEM,,
2025-01-31T03:00:00.000Z,Scheduled,Salt Lake City,MIN,UTA,,
2025-01-31T03:00:00.000Z,Scheduled,Portland,ORL,POR,,
2025-02-01T00:00:00.000Z,Scheduled,Charlotte,LAC,CHA,,
2025-02-01T00:00:00.000Z,Scheduled,Detroit,DAL,DET,,
2025-02-01T00:30:00.000Z,Scheduled,Philadelphia,DEN,PHI,,
2025-02-01T00:30:00.000Z,Scheduled,Toronto,CHI,TOR,,
2025-02-01T01:00:00.000Z,Scheduled,New Orleans,BOS,NOP,,
2025-02-01T01:00:00.000Z,Scheduled,San Antonio,MIL,SAS,,
2025-02-01T03:00:00.000Z,Scheduled,San Francisco,PHX,GSW,,
2025-02-01T22:00:00.000Z,Scheduled,Indianapolis,ATL,IND,,
2025-02-01T22:00:00.000Z,Scheduled,Salt Lake City,ORL,UTA,,
2025-02-02T00:00:00.000Z,Scheduled,Charlotte,DEN,CHA,,
2025-02-02T01:00:00.000Z,Scheduled,Houston,BKN,HOU,,
2025-02-02T01:00:00.000Z,Scheduled,Minneapolis,WAS,MIN,,
2025-02-02T01:00:00.000Z,Scheduled,Oklahoma City,SAC,OKC,,
2025-02-02T01:30:00.000Z,Scheduled,New York,LAL,NYK,,
2025-02-02T01:30:00.000Z,Scheduled,San Antonio,MIA,SAS,,
2025-02-02T03:00:00.000Z,Scheduled,Portland,PHX,POR,,
2025-02-02T20:00:00.000Z,Scheduled,Detroit,CHI,DET,,
2025-02-02T20:30:00.000Z,Scheduled,Cleveland,DAL,CLE,,
2025-02-02T20:30:00.000Z,Scheduled,Toronto,LAC,TOR,,
2025-02-02T23:00:00.000Z,Scheduled,Philadelphia,BOS,PHI,,
2025-02-03T01:30:00.000Z,Scheduled,Milwaukee,MEM,MIL,,
2025-02-04T00:00:00.000Z,Scheduled,Charlotte,WAS,CHA,,
2025-02-04T00:00:00.000Z,Scheduled,Detroit,ATL,DET,,
2025-02-04T00:30:00.000Z,Scheduled,New York,HOU,NYK,,
2025-02-04T01:00:00.000Z,Scheduled,Memphis,SAS,MEM,,
2025-02-04T01:00:00.000Z,Scheduled,Minneapolis,SAC,MIN,,
2025-02-04T01:00:00.000Z,Scheduled,Oklahoma City,MIL,OKC,,
2025-02-04T02:00:00.000Z,Scheduled,Denver,NOP,DEN,,
2025-02-04T02:00:00.000Z,Scheduled,Salt Lake City,IND,UTA,,
2025-02-04T03:00:00.000Z,Scheduled,San Francisco,ORL,GSW,,
2025-02-04T03:00:00.000Z,Scheduled,Portland,PHX,POR,,
2025-02-05T00:00:00.000Z,Scheduled,Cleveland,BOS,CLE,,
2025-02-05T00:30:00.000Z,Scheduled,Brooklyn,HOU,BKN,,
2025-02-05T00:30:00.000Z,Scheduled,Philadelphia,DAL,PHI,,
2025-02-05T00:30:00.000Z,Scheduled,Toronto,NYK,TOR,,
2025-02-05T01:00:00.000Z,Scheduled,Chicago,MIA,CHI,,
2025-02-05T03:00:00.000Z,Scheduled,Inglewood,LAL,LAC,,
2025-02-05T03:00:00.000Z,Scheduled,Portland,IND,POR,,
2025-02-06T00:00:00.000Z,Scheduled,Charlotte,MIL,CHA,,
2025-02-06T00:00:00.000Z,Scheduled,Detroit,CLE,DET,,
2025-02-06T00:30:00.000Z,Scheduled,Atlanta,SAS,ATL,,
2025-02-06T00:30:00.000Z,Scheduled,Brooklyn,WAS,BKN,,
2025-02-06T00:30:00.000Z,Scheduled,Philadelphia,MIA,PHI,,
2025-02-06T00:30:00.000Z,Scheduled,Toronto,MEM,TOR,,
2025-02-06T01:00:00.000Z,Scheduled,Minneapolis,CHI,MIN,,
2025-02-06T01:00:00.000Z,Scheduled,Oklahoma City,PHX,OKC,,
2025-02-06T02:00:00.000Z,Scheduled,Salt Lake City,GSW,UTA,,
2025-02-06T03:00:00.000Z,Scheduled,Denver,NOP,DEN,,
2025-02-06T03:00:00.000Z,Scheduled,Sacramento,ORL,SAC,,
2025-02-07T00:30:00.000Z,Scheduled,Boston,DAL,BOS,,
2025-02-07T01:00:00.000Z,Scheduled,Minneapolis,HOU,MIN,,
2025-02-07T02:00:00.000Z,Scheduled,Denver,ORL,DEN,,
2025-02-07T03:00:00.000Z,Scheduled,Los Angeles,GSW,LAL,,
2025-02-07T03:00:00.000Z,Scheduled,Portland,SAC,POR,,
2025-02-07T03:30:00.000Z,Scheduled,Inglewood,IND,LAC,,
2025-02-08T00:00:00.000Z,Scheduled,Charlotte,SAS,CHA,,
2025-02-08T00:00:00.000Z,Scheduled,Washington,CLE,WAS,,
2025-02-08T00:30:00.000Z,Scheduled,Atlanta,MIL,ATL,,
2025-02-08T00:30:00.000Z,Scheduled,Brooklyn,MIA,BKN,,
2025-02-08T00:30:00.000Z,Scheduled,Detroit,PHI,DET,,
2025-02-08T01:00:00.000Z,Scheduled,Oklahoma City,TOR,OKC,,
2025-02-08T03:00:00.000Z,Scheduled,Phoenix,UTA,PHX,,
2025-02-08T20:00:00.000Z,Scheduled,Dallas,HOU,DAL,,
2025-02-08T21:00:00.000Z,Scheduled,Los Angeles,IND,LAL,,
2025-02-09T00:00:00.000Z,Scheduled,Orlando,SAS,ORL,,
2025-02-09T00:00:00.000Z,Scheduled,Washington,ATL,WAS,,
2025-02-09T01:00:00.000Z,Scheduled,Chicago,GSW,CHI,,
2025-02-09T01:00:00.000Z,Scheduled,Memphis,OKC,MEM,,
2025-02-09T01:00:00.000Z,Scheduled,Minneapolis,POR,MIN,,
2025-02-09T01:30:00.000Z,Scheduled,New York,BOS,NYK,,
2025-02-09T02:00:00.000Z,Scheduled,Phoenix,DEN,PHX,,
2025-02-09T03:00:00.000Z,Scheduled,Sacramento,NOP,SAC,,
2025-02-09T03:30:00.000Z,Scheduled,Inglewood,UTA,LAC,,
2025-02-09T18:00:00.000Z,Scheduled,Detroit,CHA,DET,,
2025-02-09T19:00:00.000Z,Scheduled,Houston,TOR,HOU,,
2025-02-09T19:00:00.000Z,Scheduled,Milwaukee,PHI,MIL,,
2025-02-11T00:00:00.000Z,Scheduled,Cleveland,MIN,CLE,,
2025-02-11T00:00:00.000Z,Scheduled,Orlando,ATL,ORL,,
2025-02-11T00:00:00.000Z,Scheduled,Washington,SAS,WAS,,
2025-02-11T00:30:00.000Z,Scheduled,Brooklyn,CHA,BKN,,
2025-02-11T00:30:00.000Z,Scheduled,Miami,BOS,MIA,,
2025-02-11T01:00:00.000Z,Scheduled,Milwaukee,GSW,MIL,,
2025-02-11T01:00:00.000Z,Scheduled,Oklahoma City,NOP,OKC,,
2025-02-11T01:30:00.000Z,Scheduled,Dallas,SAC,DAL,,
2025-02-11T02:00:00.000Z,Scheduled,Denver,POR,DEN,,
2025-02-12T00:00:00.000Z,Scheduled,Philadelphia,TOR,PHI,,
2025-02-12T00:30:00.000Z,Scheduled,Indianapolis,NYK,IND,,
2025-02-12T01:00:00.000Z,Scheduled,Chicago,DET,CHI,,
2025-02-12T03:00:00.000Z,Scheduled,Phoenix,MEM,PHX,,
2025-02-12T03:30:00.000Z,Scheduled,Los Angeles,UTA,LAL,,
2025-02-13T00:00:00.000Z,Scheduled,Boston,SAS,BOS,,
2025-02-13T00:00:00.000Z,Scheduled,Orlando,CHA,ORL,,
2025-02-13T00:00:00.000Z,Scheduled,Washington,IND,WAS,,
2025-02-13T00:30:00.000Z,Scheduled,Brooklyn,PHI,BKN,,
2025-02-13T00:30:00.000Z,Scheduled,New York,ATL,NYK,,
2025-02-13T00:30:00.000Z,Scheduled,Toronto,CLE,TOR,,
2025-02-13T01:00:00.000Z,Scheduled,Chicago,DET,CHI,,
2025-02-13T01:00:00.000Z,Scheduled,Minneapolis,MIL,MIN,,
2025-02-13T01:00:00.000Z,Scheduled,New Orleans,SAC,NOP,,
2025-02-13T01:00:00.000Z,Scheduled,Oklahoma City,MIA,OKC,,
2025-02-13T01:30:00.000Z,Scheduled,Houston,PHX,HOU,,
2025-02-13T02:00:00.000Z,Scheduled,Denver,POR,DEN,,
2025-02-13T02:00:00.000Z,Scheduled,Salt Lake City,LAL,UTA,,
2025-02-13T02:30:00.000Z,Scheduled,Dallas,GSW,DAL,,
2025-02-13T03:30:00.000Z,Scheduled,Inglewood,MEM,LAC,,
2025-02-14T01:00:00.000Z,Scheduled,Houston,GSW,HOU,,
2025-02-14T01:00:00.000Z,Scheduled,New Orleans,SAC,NOP,,
2025-02-14T01:30:00.000Z,Scheduled,Dallas,MIA,DAL,,
2025-02-14T01:30:00.000Z,Scheduled,Minneapolis,OKC,MIN,,
2025-02-21T00:00:00.000Z,Scheduled,Indianapolis,MEM,IND,,
2025-02-21T00:00:00.000Z,Scheduled,Philadelphia,BOS,PHI,,
2025-02-21T00:30:00.000Z,Scheduled,Atlanta,ORL,ATL,,
2025-02-21T00:30:00.000Z,Scheduled,Brooklyn,CLE,BKN,,
2025-02-21T00:30:00.000Z,Scheduled,New York,CHI,NYK,,
2025-02-21T01:00:00.000Z,Scheduled,Milwaukee,LAC,MIL,,
2025-02-21T02:00:00.000Z,Scheduled,Denver,CHA,DEN,,
2025-02-21T02:30:00.000Z,Scheduled,Austin,PHX,SAS,,
2025-02-21T03:00:00.000Z,Scheduled,Portland,LAL,POR,,
2025-02-22T00:00:00.000Z,Scheduled,Cleveland,NYK,CLE,,
2025-02-22T00:00:00.000Z,Scheduled,Orlando,MEM,ORL,,
2025-02-22T00:00:00.000Z,Scheduled,Washington,MIL,WAS,,
2025-02-22T00:30:00.000Z,Scheduled,Toronto,MIA,TOR,,
2025-02-22T01:00:00.000Z,Scheduled,Houston,MIN,HOU,,
2025-02-22T01:30:00.000Z,Scheduled,Austin,DET,SAS,,
2025-02-22T02:30:00.000Z,Scheduled,Dallas,NOP,DAL,,
2025-02-22T02:30:00.000Z,Scheduled,Salt Lake City,OKC,UTA,,
2025-02-22T03:00:00.000Z,Scheduled,Sacramento,GSW,SAC,,
2025-02-22T22:00:00.000Z,Scheduled,Chicago,PHX,CHI,,
2025-02-23T00:30:00.000Z,Scheduled,Philadelphia,BKN,PHI,,
2025-02-23T01:30:00.000Z,Scheduled,Denver,LAL,DEN,,
2025-02-23T02:30:00.000Z,Scheduled,Salt Lake City,HOU,UTA,,
2025-02-23T03:00:00.000Z,Scheduled,Portland,CHA,POR,,
2025-02-23T18:00:00.000Z,Scheduled,Boston,NYK,BOS,,
2025-02-23T20:30:00.000Z,Scheduled,San Francisco,DAL,GSW,,
2025-02-23T22:00:00.000Z,Scheduled,Indianapolis,LAC,IND,,
2025-02-23T23:00:00.000Z,Scheduled,Atlanta,DET,ATL,,
2025-02-23T23:00:00.000Z,Scheduled,Orlando,WAS,ORL,,
2025-02-23T23:00:00.000Z,Scheduled,Toronto,PHX,TOR,,
2025-02-24T00:00:00.000Z,Scheduled,Milwaukee,MIA,MIL,,
2025-02-24T00:00:00.000Z,Scheduled,New Orleans,SAS,NOP,,
2025-02-24T00:30:00.000Z,Scheduled,Cleveland,MEM,CLE,,
2025-02-24T02:30:00.000Z,Scheduled,Minneapolis,OKC,MIN,,
2025-02-25T00:00:00.000Z,Scheduled,Detroit,LAC,DET,,
2025-02-25T00:00:00.000Z,Scheduled,Indianapolis,DEN,IND,,
2025-02-25T00:00:00.000Z,Scheduled,Philadelphia,CHI,PHI,,
2025-02-25T00:00:00.000Z,Scheduled,Washington,BKN,WAS,,
2025-02-25T00:30:00.000Z,Scheduled,Atlanta,MIA,ATL,,
2025-02-25T01:00:00.000Z,Scheduled,Oklahoma City,MIN,OKC,,
2025-02-25T02:00:00.000Z,Scheduled,Salt Lake City,POR,UTA,,
2025-02-25T03:00:00.000Z,Scheduled,Sacramento,CHA,SAC,,
2025-02-26T00:00:00.000Z,Scheduled,Toronto,BOS,TOR,,
2025-02-26T00:30:00.000Z,Scheduled,Orlando,CLE,ORL,,
2025-02-26T01:00:00.000Z,Scheduled,Houston,MIL,HOU,,
2025-02-26T01:00:00.000Z,Scheduled,Memphis,PHX,MEM,,
2025-02-26T01:00:00.000Z,Scheduled,New Orleans,SAS,NOP,,
2025-02-26T03:00:00.000Z,Scheduled,San Francisco,CHA,GSW,,
2025-02-26T03:00:00.000Z,Scheduled,Los Angeles,DAL,LAL,,
2025-02-27T00:00:00.000Z,Scheduled,Detroit,BOS,DET,,
2025-02-27T00:00:00.000Z,Scheduled,Indianapolis,TOR,IND,,
2025-02-27T00:00:00.000Z,Scheduled,New York,PHI,NYK,,
2025-02-27T00:00:00.000Z,Scheduled,Washington,POR,WAS,,
2025-02-27T00:30:00.000Z,Scheduled,Brooklyn,OKC,BKN,,
2025-02-27T00:30:00.000Z,Scheduled,Miami,ATL,MIA,,
2025-02-27T01:00:00.000Z,Scheduled,Chicago,LAC,CHI,,
2025-02-27T02:00:00.000Z,Scheduled,Salt Lake City,SAC,UTA,,
2025-02-27T02:30:00.000Z,Scheduled,Houston,SAS,HOU,,
2025-02-28T00:00:00.000Z,Scheduled,Orlando,GSW,ORL,,
2025-02-28T00:30:00.000Z,Scheduled,Milwaukee,DEN,MIL,,
2025-02-28T01:30:00.000Z,Scheduled,Dallas,CHA,DAL,,
2025-02-28T03:00:00.000Z,Scheduled,Phoenix,NOP,PHX,,
2025-02-28T03:30:00.000Z,Scheduled,Los Angeles,MIN,LAL,,
2025-03-01T00:00:00.000Z,Scheduled,Detroit,DEN,DET,,
2025-03-01T00:30:00.000Z,Scheduled,Atlanta,OKC,ATL,,
2025-03-01T00:30:00.000Z,Scheduled,Boston,CLE,BOS,,
2025-03-01T00:30:00.000Z,Scheduled,Brooklyn,POR,BKN,,
2025-03-01T01:00:00.000Z,Scheduled,Miami,IND,MIA,,
2025-03-01T01:00:00.000Z,Scheduled,Chicago,TOR,CHI,,
2025-03-01T01:00:00.000Z,Scheduled,Memphis,NYK,MEM,,
2025-03-01T02:00:00.000Z,Scheduled,Phoenix,NOP,PHX,,
2025-03-01T02:30:00.000Z,Scheduled,Salt Lake City,MIN,UTA,,
2025-03-01T03:00:00.000Z,Scheduled,Los Angeles,LAC,LAL,,
2025-03-01T23:00:00.000Z,Scheduled,Charlotte,WAS,CHA,,
2025-03-02T00:00:00.000Z,Scheduled,Detroit,BKN,DET,,
2025-03-02T01:00:00.000Z,Scheduled,Houston,SAC,HOU,,
2025-03-02T01:00:00.000Z,Scheduled,Memphis,SAS,MEM,,
2025-03-02T01:30:00.000Z,Scheduled,Philadelphia,GSW,PHI,,
2025-03-02T01:30:00.000Z,Scheduled,Dallas,MIL,DAL,,
2025-03-02T18:00:00.000Z,Scheduled,Boston,DEN,BOS,,
2025-03-02T20:30:00.000Z,Scheduled,Cleveland,POR,CLE,,
2025-03-02T22:00:00.000Z,Scheduled,Indianapolis,CHI,IND,,
2025-03-02T23:00:00.000Z,Scheduled,Miami,NYK,MIA,,
2025-03-02T23:00:00.000Z,Scheduled,Orlando,TOR,ORL,,
2025-03-03T00:00:00.000Z,Scheduled,San Antonio,OKC,SAS,,
2025-03-03T01:00:00.000Z,Scheduled,Salt Lake City,NOP,UTA,,
2025-03-03T02:30:00.000Z,Scheduled,Phoenix,MIN,PHX,,
2025-03-03T02:30:00.000Z,Scheduled,Los Angeles,LAC,LAL,,
2025-03-04T00:00:00.000Z,Scheduled,Charlotte,GSW,CHA,,
2025-03-04T00:00:00.000Z,Scheduled,Philadelphia,POR,PHI,,
2025-03-04T00:30:00.000Z,Scheduled,Miami,WAS,MIA,,
2025-03-04T01:00:00.000Z,Scheduled,Memphis,ATL,MEM,,
2025-03-04T01:00:00.000Z,Scheduled,Oklahoma City,HOU,OKC,,
2025-03-04T01:30:00.000Z,Scheduled,Dallas,SAC,DAL,,
2025-03-04T02:30:00.000Z,Scheduled,Salt Lake City,DET,UTA,,
2025-03-05T00:00:00.000Z,Scheduled,Indianapolis,HOU,IND,,
2025-03-05T00:00:00.000Z,Scheduled,Orlando,TOR,ORL,,
2025-03-05T00:30:00.000Z,Scheduled,Atlanta,MIL,ATL,,
2025-03-05T00:30:00.000Z,Scheduled,New York,GSW,NYK,,
2025-03-05T01:00:00.000Z,Scheduled,Chicago,CLE,CHI,,
2025-03-05T01:00:00.000Z,Scheduled,Minneapolis,PHI,MIN,,
2025-03-05T01:30:00.000Z,Scheduled,San Antonio,BKN,SAS,,
2025-03-05T03:00:00.000Z,Scheduled,Phoenix,LAC,PHX,,
2025-03-05T03:30:00.000Z,Scheduled,Los Angeles,NOP,LAL,,
2025-03-06T00:00:00.000Z,Scheduled,Boston,POR,BOS,,
2025-03-06T00:00:00.000Z,Scheduled,Charlotte,MIN,CHA,,
2025-03-06T00:00:00.000Z,Scheduled,Cleveland,MIA,CLE,,
2025-03-06T00:00:00.000Z,Scheduled,Washington,UTA,WAS,,
2025-03-06T01:00:00.000Z,Scheduled,Memphis,OKC,MEM,,
2025-03-06T02:00:00.000Z,Scheduled,Denver,SAC,DEN,,
2025-03-06T02:30:00.000Z,Scheduled,Milwaukee,DAL,MIL,,
2025-03-06T03:30:00.000Z,Scheduled,Inglewood,DET,LAC,,
2025-03-07T00:30:00.000Z,Scheduled,Atlanta,IND,ATL,,
2025-03-07T00:30:00.000Z,Scheduled,Boston,PHI,BOS,,
2025-03-07T00:30:00.000Z,Scheduled,Brooklyn,GSW,BKN,,
2025-03-07T01:00:00.000Z,Scheduled,New Orleans,HOU,NOP,,
2025-03-07T03:00:00.000Z,Scheduled,Los Angeles,NYK,LAL,,
2025-03-08T00:00:00.000Z,Scheduled,Charlotte,CLE,CHA,,
2025-03-08T00:30:00.000Z,Scheduled,Toronto,UTA,TOR,,
2025-03-08T00:30:00.000Z,Scheduled,Dallas,MEM,DAL,,
2025-03-08T01:00:00.000Z,Scheduled,Miami,MIN,MIA,,
2025-03-08T01:00:00.000Z,Scheduled,Oklahoma City,POR,OKC,,
2025-03-08T03:00:00.000Z,Scheduled,Denver,PHX,DEN,,
2025-03-08T03:00:00.000Z,Scheduled,Sacramento,SAS,SAC,,
2025-03-08T03:30:00.000Z,Scheduled,Inglewood,NYK,LAC,,
2025-03-08T23:00:00.000Z,Scheduled,Charlotte,BKN,CHA,,
2025-03-09T00:00:00.000Z,Scheduled,Houston,NOP,HOU,,
2025-03-09T00:30:00.000Z,Scheduled,Atlanta,IND,ATL,,
2025-03-09T00:30:00.000Z,Scheduled,Toronto,WAS,TOR,,
2025-03-09T01:00:00.000Z,Scheduled,Miami,CHI,MIA,,
2025-03-09T01:00:00.000Z,Scheduled,Milwaukee,ORL,MIL,,
2025-03-09T01:30:00.000Z,Scheduled,Boston,LAL,BOS,,
2025-03-09T01:30:00.000Z,Scheduled,San Francisco,DET,GSW,,
2025-03-09T17:00:00.000Z,Scheduled,Oklahoma City,DEN,OKC,,
2025-03-09T19:30:00.000Z,Scheduled,Dallas,PHX,DAL,,
2025-03-09T23:00:00.000Z,Scheduled,Milwaukee,CLE,MIL,,
2025-03-09T23:00:00.000Z,Scheduled,New Orleans,MEM,NOP,,
2025-03-09T23:30:00.000Z,Scheduled,Philadelphia,UTA,PHI,,
2025-03-10T00:00:00.000Z,Scheduled,Minneapolis,SAS,MIN,,
2025-03-10T01:00:00.000Z,Scheduled,Portland,DET,POR,,
2025-03-10T01:30:00.000Z,Scheduled,Inglewood,SAC,LAC,,
2025-03-10T23:30:00.000Z,Scheduled,Atlanta,PHI,ATL,,
2025-03-10T23:30:00.000Z,Scheduled,Boston,UTA,BOS,,
2025-03-10T23:30:00.000Z,Scheduled,Brooklyn,LAL,BKN,,
2025-03-10T23:30:00.000Z,Scheduled,Miami,CHA,MIA,,
2025-03-10T23:30:00.000Z,Scheduled,Toronto,WAS,TOR,,
2025-03-11T00:00:00.000Z,Scheduled,Chicago,IND,CHI,,
2025-03-11T00:00:00.000Z,Scheduled,Houston,ORL,HOU,,
2025-03-11T00:00:00.000Z,Scheduled,Memphis,PHX,MEM,,
2025-03-11T00:00:00.000Z,Scheduled,Oklahoma City,DEN,OKC,,
2025-03-11T00:30:00.000Z,Scheduled,San Antonio,DAL,SAS,,
2025-03-11T02:00:00.000Z,Scheduled,San Francisco,POR,GSW,,
2025-03-11T02:30:00.000Z,Scheduled,Sacramento,NYK,SAC,,
2025-03-11T23:00:00.000Z,Scheduled,Cleveland,BKN,CLE,,
2025-03-11T23:00:00.000Z,Scheduled,Detroit,WAS,DET,,
2025-03-11T23:00:00.000Z,Scheduled,Indianapolis,MIL,IND,,
2025-03-12T01:30:00.000Z,Scheduled,New Orleans,LAC,NOP,,
2025-03-12T23:00:00.000Z,Scheduled,Orlando,CHI,ORL,,
2025-03-12T23:30:00.000Z,Scheduled,Atlanta,CHA,ATL,,
2025-03-12T23:30:00.000Z,Scheduled,Boston,OKC,BOS,,
2025-03-12T23:30:00.000Z,Scheduled,Toronto,PHI,TOR,,
2025-03-13T00:00:00.000Z,Scheduled,Miami,LAC,MIA,,
2025-03-13T00:00:00.000Z,Scheduled,Houston,PHX,HOU,,
2025-03-13T00:00:00.000Z,Scheduled,Memphis,UTA,MEM,,
2025-03-13T00:00:00.000Z,Scheduled,San Antonio,DAL,SAS,,
2025-03-13T02:00:00.000Z,Scheduled,Denver,MIN,DEN,,
2025-03-13T02:00:00.000Z,Scheduled,Portland,NYK,POR,,
2025-03-13T23:00:00.000Z,Scheduled,Detroit,WAS,DET,,
2025-03-13T23:30:00.000Z,Scheduled,Milwaukee,LAL,MIL,,
2025-03-14T00:00:00.000Z,Scheduled,Chicago,BKN,CHI,,
2025-03-14T02:00:00.000Z,Scheduled,San Francisco,SAC,GSW,,
2025-03-14T23:00:00.000Z,Scheduled,Miami,BOS,MIA,,
2025-03-14T23:00:00.000Z,Scheduled,Philadelphia,IND,PHI,,
2025-03-14T23:30:00.000Z,Scheduled,Atlanta,LAC,ATL,,
2025-03-15T00:00:00.000Z,Scheduled,Houston,DAL,HOU,,
2025-03-15T00:00:00.000Z,Scheduled,Memphis,CLE,MEM,,
2025-03-15T00:00:00.000Z,Scheduled,Minneapolis,ORL,MIN,,
2025-03-15T00:00:00.000Z,Scheduled,San Antonio,CHA,SAS,,
2025-03-15T01:30:00.000Z,Scheduled,Denver,LAL,DEN,,
2025-03-15T01:30:00.000Z,Scheduled,Salt Lake City,TOR,UTA,,
2025-03-15T02:00:00.000Z,Scheduled,Phoenix,SAC,PHX,,
2025-03-15T22:00:00.000Z,Scheduled,Brooklyn,BOS,BKN,,
2025-03-15T23:00:00.000Z,Scheduled,Detroit,OKC,DET,,
2025-03-16T00:00:00.000Z,Scheduled,Houston,CHI,HOU,,
2025-03-16T00:00:00.000Z,Scheduled,Memphis,MIA,MEM,,
2025-03-16T00:00:00.000Z,Scheduled,Milwaukee,IND,MIL,,
2025-03-16T00:30:00.000Z,Scheduled,San Antonio,NOP,SAS,,
2025-03-16T00:30:00.000Z,Scheduled,San Francisco,NYK,GSW,,
2025-03-16T01:00:00.000Z,Scheduled,Denver,WAS,DEN,,
2025-03-16T17:00:00.000Z,Scheduled,Dallas,PHI,DAL,,
2025-03-16T19:30:00.000Z,Scheduled,Los Angeles,PHX,LAL,,
2025-03-16T22:00:00.000Z,Scheduled,Brooklyn,ATL,BKN,,
2025-03-16T22:00:00.000Z,Scheduled,Cleveland,ORL,CLE,,
2025-03-16T22:00:00.000Z,Scheduled,Portland,TOR,POR,,
2025-03-16T23:00:00.000Z,Scheduled,Minneapolis,UTA,MIN,,
2025-03-17T01:00:00.000Z,Scheduled,Milwaukee,OKC,MIL,,
2025-03-17T02:00:00.000Z,Scheduled,Inglewood,WAS,LAC,,
2025-03-17T23:30:00.000Z,Scheduled,New York,MIA,NYK,,
2025-03-18T00:00:00.000Z,Scheduled,Houston,PHI,HOU,,
2025-03-18T00:00:00.000Z,Scheduled,Minneapolis,IND,MIN,,
2025-03-18T00:00:00.000Z,Scheduled,New Orleans,DET,NOP,,
2025-03-18T00:00:00.000Z,Scheduled,San Antonio,ORL,SAS,,
2025-03-18T01:00:00.000Z,Scheduled,Salt Lake City,CHI,UTA,,
2025-03-18T02:00:00.000Z,Scheduled,San Francisco,DEN,GSW,,
2025-03-18T02:00:00.000Z,Scheduled,Phoenix,TOR,PHX,,
2025-03-18T02:00:00.000Z,Scheduled,Sacramento,MEM,SAC,,
2025-03-18T23:00:00.000Z,Scheduled,Charlotte,ATL,CHA,,
2025-03-18T23:30:00.000Z,Scheduled,Boston,BKN,BOS,,
2025-03-19T02:00:00.000Z,Scheduled,Portland,WAS,POR,,
2025-03-19T02:30:00.000Z,Scheduled,Los Angeles,MIL,LAL,,
2025-03-19T02:30:00.000Z,Scheduled,Inglewood,CLE,LAC,,
2025-03-19T23:00:00.000Z,Scheduled,Indianapolis,DAL,IND,,
2025-03-19T23:00:00.000Z,Scheduled,Orlando,HOU,ORL,,
2025-03-19T23:30:00.000Z,Scheduled,Miami,DET,MIA,,
2025-03-19T23:30:00.000Z,Scheduled,Minneapolis,NOP,MIN,,
2025-03-20T00:00:00.000Z,Scheduled,Oklahoma City,PHI,OKC,,
2025-03-20T00:00:00.000Z,Scheduled,San Antonio,NYK,SAS,,
2025-03-20T01:00:00.000Z,Scheduled,Salt Lake City,LAC,UTA,,
2025-03-20T02:00:00.000Z,Scheduled,San Francisco,TOR,GSW,,
2025-03-20T02:00:00.000Z,Scheduled,Los Angeles,DEN,LAL,,
2025-03-20T02:00:00.000Z,Scheduled,Phoenix,CHI,PHX,,
2025-03-20T02:00:00.000Z,Scheduled,Portland,MEM,POR,,
2025-03-20T02:00:00.000Z,Scheduled,Sacramento,CLE,SAC,,
2025-03-20T23:00:00.000Z,Scheduled,Charlotte,NYK,CHA,,
2025-03-20T23:00:00.000Z,Scheduled,Indianapolis,BKN,IND,,
2025-03-21T02:00:00.000Z,Scheduled,San Francisco,MIL,GSW,,
2025-03-21T02:00:00.000Z,Scheduled,Sacramento,CHI,SAC,,
2025-03-21T23:00:00.000Z,Scheduled,Washington,ORL,WAS,,
2025-03-22T00:00:00.000Z,Scheduled,Miami,HOU,MIA,,
2025-03-22T00:00:00.000Z,Scheduled,Minneapolis,NOP,MIN,,
2025-03-22T00:00:00.000Z,Scheduled,Oklahoma City,CHA,OKC,,
2025-03-22T00:00:00.000Z,Scheduled,San Antonio,PHI,SAS,,
2025-03-22T00:30:00.000Z,Scheduled,Dallas,DET,DAL,,
2025-03-22T01:30:00.000Z,Scheduled,Salt Lake City,BOS,UTA,,
2025-03-22T02:00:00.000Z,Scheduled,Phoenix,CLE,PHX,,
2025-03-22T02:00:00.000Z,Scheduled,Portland,DEN,POR,,
2025-03-22T02:30:00.000Z,Scheduled,Inglewood,MEM,LAC,,
2025-03-22T21:00:00.000Z,Scheduled,Indianapolis,BKN,IND,,
2025-03-22T23:00:00.000Z,Scheduled,Atlanta,GSW,ATL,,
2025-03-23T00:00:00.000Z,Scheduled,New York,WAS,NYK,,
2025-03-23T02:00:00.000Z,Scheduled,Sacramento,MIL,SAC,,
2025-03-23T02:30:00.000Z,Scheduled,Los Angeles,CHI,LAL,,
2025-03-23T19:00:00.000Z,Scheduled,Detroit,NOP,DET,,
2025-03-23T19:30:00.000Z,Scheduled,Salt Lake City,CLE,UTA,,
2025-03-23T22:00:00.000Z,Scheduled,Atlanta,PHI,ATL,,
2025-03-23T22:00:00.000Z,Scheduled,Miami,CHA,MIA,,
2025-03-23T22:00:00.000Z,Scheduled,Toronto,SAS,TOR,,
2025-03-23T22:00:00.000Z,Scheduled,Portland,BOS,POR,,
2025-03-23T23:00:00.000Z,Scheduled,Houston,DEN,HOU,,
2025-03-24T01:00:00.000Z,Scheduled,Inglewood,OKC,LAC,,
2025-03-24T23:00:00.000Z,Scheduled,Indianapolis,MIN,IND,,
2025-03-24T23:00:00.000Z,Scheduled,Orlando,LAL,ORL,,
2025-03-24T23:00:00.000Z,Scheduled,Washington,TOR,WAS,,
2025-03-24T23:30:00.000Z,Scheduled,Brooklyn,DAL,BKN,,
2025-03-25T00:00:00.000Z,Scheduled,New Orleans,PHI,NOP,,
2025-03-25T01:00:00.000Z,Scheduled,Denver,CHI,DEN,,
2025-03-25T02:00:00.000Z,Scheduled,Phoenix,MIL,PHX,,
2025-03-25T02:00:00.000Z,Scheduled,Sacramento,BOS,SAC,,
2025-03-25T23:00:00.000Z,Scheduled,Charlotte,ORL,CHA,,
2025-03-25T23:00:00.000Z,Scheduled,Detroit,SAS,DET,,
2025-03-25T23:30:00.000Z,Scheduled,Miami,GSW,MIA,,
2025-03-25T23:30:00.000Z,Scheduled,New York,DAL,NYK,,
2025-03-26T00:00:00.000Z,Scheduled,Houston,ATL,HOU,,
2025-03-26T01:00:00.000Z,Scheduled,Salt Lake City,MEM,UTA,,
2025-03-26T02:00:00.000Z,Scheduled,Portland,CLE,POR,,
2025-03-26T02:00:00.000Z,Scheduled,Sacramento,OKC,SAC,,
2025-03-26T23:00:00.000Z,Scheduled,Philadelphia,WAS,PHI,,
2025-03-26T23:30:00.000Z,Scheduled,Brooklyn,TOR,BKN,,
2025-03-26T23:30:00.000Z,Scheduled,Indianapolis,LAL,IND,,
2025-03-26T23:30:00.000Z,Scheduled,New York,LAC,NYK,,
2025-03-27T01:00:00.000Z,Scheduled,Denver,MIL,DEN,,
2025-03-27T02:00:00.000Z,Scheduled,Phoenix,BOS,PHX,,
2025-03-27T23:00:00.000Z,Scheduled,Cleveland,SAS,CLE,,
2025-03-27T23:00:00.000Z,Scheduled,Orlando,DAL,ORL,,
2025-03-27T23:00:00.000Z,Scheduled,Washington,IND,WAS,,
2025-03-27T23:30:00.000Z,Scheduled,Miami,ATL,MIA,,
2025-03-28T00:00:00.000Z,Scheduled,Chicago,LAL,CHI,,
2025-03-28T00:00:00.000Z,Scheduled,Oklahoma City,MEM,OKC,,
2025-03-28T01:00:00.000Z,Scheduled,Salt Lake City,HOU,UTA,,
2025-03-28T02:00:00.000Z,Scheduled,Sacramento,POR,SAC,,
2025-03-28T23:00:00.000Z,Scheduled,Detroit,CLE,DET,,
2025-03-28T23:30:00.000Z,Scheduled,Brooklyn,LAC,BKN,,
2025-03-28T23:30:00.000Z,Scheduled,Toronto,CHA,TOR,,
2025-03-29T00:00:00.000Z,Scheduled,Milwaukee,NYK,MIL,,
2025-03-29T00:00:00.000Z,Scheduled,Minneapolis,PHX,MIN,,
2025-03-29T00:00:00.000Z,Scheduled,New Orleans,GSW,NOP,,
2025-03-29T01:00:00.000Z,Scheduled,Denver,UTA,DEN,,
2025-03-29T21:00:00.000Z,Scheduled,Orlando,SAC,ORL,,
2025-03-29T23:00:00.000Z,Scheduled,Washington,BKN,WAS,,
2025-03-29T23:30:00.000Z,Scheduled,Philadelphia,MIA,PHI,,
2025-03-30T00:00:00.000Z,Scheduled,Chicago,DAL,CHI,,
2025-03-30T00:00:00.000Z,Scheduled,Memphis,LAL,MEM,,
2025-03-30T00:00:00.000Z,Scheduled,Oklahoma City,IND,OKC,,
2025-03-30T00:00:00.000Z,Scheduled,San Antonio,BOS,SAS,,
2025-03-30T19:30:00.000Z,Scheduled,Cleveland,LAC,CLE,,
2025-03-30T22:00:00.000Z,Scheduled,New York,POR,NYK,,
2025-03-30T23:00:00.000Z,Scheduled,Milwaukee,ATL,MIL,,
2025-03-30T23:00:00.000Z,Scheduled,Minneapolis,DET,MIN,,
2025-03-30T23:00:00.000Z,Scheduled,New Orleans,CHA,NOP,,
2025-03-30T23:00:00.000Z,Scheduled,San Antonio,GSW,SAS,,
2025-03-30T23:30:00.000Z,Scheduled,Philadelphia,TOR,PHI,,
2025-03-31T01:00:00.000Z,Scheduled,Phoenix,HOU,PHX,,
2025-03-31T23:00:00.000Z,Scheduled,Charlotte,UTA,CHA,,
2025-03-31T23:00:00.000Z,Scheduled,Indianapolis,SAC,IND,,
2025-03-31T23:00:00.000Z,Scheduled,Orlando,LAC,ORL,,
2025-03-31T23:00:00.000Z,Scheduled,Washington,MIA,WAS,,
2025-04-01T00:00:00.000Z,Scheduled,Memphis,BOS,MEM,,
2025-04-01T00:00:00.000Z,Scheduled,Oklahoma City,CHI,OKC,,
2025-04-01T00:30:00.000Z,Scheduled,Dallas,BKN,DAL,,
2025-04-01T02:30:00.000Z,Scheduled,Los Angeles,HOU,LAL,,
2025-04-01T23:30:00.000Z,Scheduled,Atlanta,POR,ATL,,
2025-04-01T23:30:00.000Z,Scheduled,New York,PHI,NYK,,
2025-04-02T00:00:00.000Z,Scheduled,Chicago,TOR,CHI,,
2025-04-02T00:00:00.000Z,Scheduled,Memphis,GSW,MEM,,
2025-04-02T00:00:00.000Z,Scheduled,Milwaukee,PHX,MIL,,
2025-04-02T02:00:00.000Z,Scheduled,Denver,MIN,DEN,,
2025-04-02T23:00:00.000Z,Scheduled,Cleveland,NYK,CLE,,
2025-04-02T23:00:00.000Z,Scheduled,Indianapolis,CHA,IND,,
2025-04-02T23:00:00.000Z,Scheduled,Washington,SAC,WAS,,
2025-04-02T23:30:00.000Z,Scheduled,Boston,MIA,BOS,,
2025-04-03T00:00:00.000Z,Scheduled,Houston,UTA,HOU,,
2025-04-03T00:00:00.000Z,Scheduled,Oklahoma City,DET,OKC,,
2025-04-03T00:30:00.000Z,Scheduled,Dallas,ATL,DAL,,
2025-04-03T01:00:00.000Z,Scheduled,Denver,SAS,DEN,,
2025-04-03T02:00:00.000Z,Scheduled,Inglewood,NOP,LAC,,
2025-04-03T23:00:00.000Z,Scheduled,Washington,ORL,WAS,,
2025-04-03T23:30:00.000Z,Scheduled,Brooklyn,MIN,BKN,,
2025-04-03T23:30:00.000Z,Scheduled,Miami,MEM,MIA,,
2025-04-03T23:30:00.000Z,Scheduled,Philadelphia,MIL,PHI,,
2025-04-03T23:30:00.000Z,Scheduled,Toronto,POR,TOR,,
2025-04-04T02:00:00.000Z,Scheduled,Los Angeles,GSW,LAL,,
2025-04-04T23:00:00.000Z,Scheduled,Charlotte,SAC,CHA,,
2025-04-04T23:00:00.000Z,Scheduled,Indianapolis,UTA,IND,,
2025-04-04T23:30:00.000Z,Scheduled,Boston,PHX,BOS,,
2025-04-04T23:30:00.000Z,Scheduled,Toronto,DET,TOR,,
2025-04-05T00:00:00.000Z,Scheduled,Chicago,POR,CHI,,
2025-04-05T00:00:00.000Z,Scheduled,Houston,OKC,HOU,,
2025-04-05T00:00:00.000Z,Scheduled,San Antonio,CLE,SAS,,
2025-04-05T02:00:00.000Z,Scheduled,San Francisco,DEN,GSW,,
2025-04-05T02:30:00.000Z,Scheduled,Los Angeles,NOP,LAL,,
2025-04-05T02:30:00.000Z,Scheduled,Inglewood,DAL,LAC,,
2025-04-05T19:00:00.000Z,Scheduled,Atlanta,NYK,ATL,,
2025-04-05T23:00:00.000Z,Scheduled,Detroit,MEM,DET,,
2025-04-05T23:00:00.000Z,Scheduled,Philadelphia,MIN,PHI,,
2025-04-06T00:00:00.000Z,Scheduled,Miami,MIL,MIA,,
2025-04-06T02:30:00.000Z,Scheduled,Inglewood,DAL,LAC,,
2025-04-06T17:00:00.000Z,Scheduled,Charlotte,CHI,CHA,,
2025-04-06T19:30:00.000Z,Scheduled,Brooklyn,TOR,BKN,,
2025-04-06T19:30:00.000Z,Scheduled,Oklahoma City,LAL,OKC,,
2025-04-06T22:00:00.000Z,Scheduled,Atlanta,UTA,ATL,,
2025-04-06T22:00:00.000Z,Scheduled,Boston,WAS,BOS,,
2025-04-06T22:00:00.000Z,Scheduled,Cleveland,SAC,CLE,,
2025-04-06T22:00:00.000Z,Scheduled,Portland,SAS,POR,,
2025-04-06T23:00:00.000Z,Scheduled,New York,PHX,NYK,,
2025-04-06T23:00:00.000Z,Scheduled,New Orleans,ORL,NOP,,
2025-04-07T00:00:00.000Z,Scheduled,Denver,IND,DEN,,
2025-04-07T00:30:00.000Z,Scheduled,San Francisco,HOU,GSW,,
2025-04-07T23:00:00.000Z,Scheduled,Detroit,SAC,DET,,
2025-04-07T23:30:00.000Z,Scheduled,Miami,PHI,MIA,,
2025-04-08T23:00:00.000Z,Scheduled,Charlotte,MEM,CHA,,
2025-04-08T23:00:00.000Z,Scheduled,Cleveland,CHI,CLE,,
2025-04-08T23:00:00.000Z,Scheduled,Indianapolis,WAS,IND,,
2025-04-08T23:00:00.000Z,Scheduled,Orlando,ATL,ORL,,
2025-04-08T23:30:00.000Z,Scheduled,Brooklyn,NOP,BKN,,
2025-04-08T23:30:00.000Z,Scheduled,New York,BOS,NYK,,
2025-04-09T00:00:00.000Z,Scheduled,Milwaukee,MIN,MIL,,
2025-04-09T00:00:00.000Z,Scheduled,Oklahoma City,LAL,OKC,,
2025-04-09T02:00:00.000Z,Scheduled,Phoenix,GSW,PHX,,
2025-04-09T02:30:00.000Z,Scheduled,Inglewood,SAS,LAC,,
2025-04-09T23:00:00.000Z,Scheduled,Orlando,BOS,ORL,,
2025-04-09T23:00:00.000Z,Scheduled,Washington,PHI,WAS,,
2025-04-09T23:30:00.000Z,Scheduled,Toronto,CHA,TOR,,
2025-04-09T23:30:00.000Z,Scheduled,Dallas,LAL,DAL,,
2025-04-10T00:00:00.000Z,Scheduled,Chicago,MIA,CHI,,
2025-04-10T00:00:00.000Z,Scheduled,Milwaukee,NOP,MIL,,
2025-04-10T01:00:00.000Z,Scheduled,Salt Lake City,POR,UTA,,
2025-04-10T02:00:00.000Z,Scheduled,San Francisco,SAS,GSW,,
2025-04-10T02:00:00.000Z,Scheduled,Phoenix,OKC,PHX,,
2025-04-10T02:00:00.000Z,Scheduled,Sacramento,DEN,SAC,,
2025-04-10T02:30:00.000Z,Scheduled,Inglewood,HOU,LAC,,
2025-04-10T23:00:00.000Z,Scheduled,Detroit,NYK,DET,,
2025-04-10T23:00:00.000Z,Scheduled,Indianapolis,CLE,IND,,
2025-04-10T23:30:00.000Z,Scheduled,Brooklyn,ATL,BKN,,
2025-04-11T01:30:00.000Z,Scheduled,Memphis,MIN,MEM,,
2025-04-11T23:00:00.000Z,Scheduled,Detroit,MIL,DET,,
2025-04-11T23:00:00.000Z,Scheduled,Indianapolis,ORL,IND,,
2025-04-11T23:00:00.000Z,Scheduled,Philadelphia,ATL,PHI,,
2025-04-11T23:30:00.000Z,Scheduled,Boston,CHA,BOS,,
2025-04-11T23:30:00.000Z,Scheduled,New York,CLE,NYK,,
2025-04-12T00:00:00.000Z,Scheduled,Chicago,WAS,CHI,,
2025-04-12T00:00:00.000Z,Scheduled,New Orleans,MIA,NOP,,
2025-04-12T00:30:00.000Z,Scheduled,Dallas,TOR,DAL,,
2025-04-12T01:00:00.000Z,Scheduled,Minneapolis,BKN,MIN,,
2025-04-12T01:00:00.000Z,Scheduled,Denver,MEM,DEN,,
2025-04-12T01:30:00.000Z,Scheduled,Salt Lake City,OKC,UTA,,
2025-04-12T02:00:00.000Z,Scheduled,Phoenix,SAS,PHX,,
2025-04-12T02:00:00.000Z,Scheduled,Portland,GSW,POR,,
2025-04-12T02:00:00.000Z,Scheduled,Sacramento,LAC,SAC,,
2025-04-12T02:30:00.000Z,Scheduled,Los Angeles,HOU,LAL,,
2025-04-13T17:00:00.000Z,Scheduled,Atlanta,ORL,ATL,,
2025-04-13T17:00:00.000Z,Scheduled,Boston,CHA,BOS,,
2025-04-13T17:00:00.000Z,Scheduled,Brooklyn,NYK,BKN,,
2025-04-13T17:00:00.000Z,Scheduled,Cleveland,IND,CLE,,
2025-04-13T17:00:00.000Z,Scheduled,Miami,WAS,MIA,,
2025-04-13T17:00:00.000Z,Scheduled,Philadelphia,CHI,PHI,,
2025-04-13T17:00:00.000Z,Scheduled,Milwaukee,DET,MIL,,
2025-04-13T19:30:00.000Z,Scheduled,Houston,DEN,HOU,,
2025-04-13T19:30:00.000Z,Scheduled,Memphis,DAL,MEM,,
2025-04-13T19:30:00.000Z,Scheduled,Minneapolis,UTA,MIN,,
2025-04-13T19:30:00.000Z,Scheduled,New Orleans,OKC,NOP,,
2025-04-13T19:30:00.000Z,Scheduled,San Antonio,TOR,SAS,,
2025-04-13T19:30:00.000Z,Scheduled,San Francisco,LAC,GSW,,
2025-04-13T19:30:00.000Z,Scheduled,Portland,LAL,POR,,
2025-04-13T19:30:00.000Z,Scheduled,Sacramento,PHX,SAC,,
2024-10-05T01:00:00.000Z,Finished,Salt Lake City,BNZ,UTA,87.0,116.0
2024-10-11T00:00:00.000Z,Finished,Tulsa,BNZ,OKC,89.0,117.0
2024-12-11T00:00:00.000Z,Finished,Milwaukee,ORL,MIL,109.0,114.0
2024-12-11T02:30:00.000Z,Finished,Oklahoma City,DAL,OKC,104.0,118.0
2024-12-12T00:00:00.000Z,Finished,New York,ATL,NYK,108.0,100.0
2024-12-12T02:30:00.000Z,Finished,Houston,GSW,HOU,90.0,91.0
2024-12-13T00:30:00.000Z,Finished,Boston,DET,BOS,99.0,123.0
2024-12-13T00:30:00.000Z,Finished,Miami,TOR,MIA,104.0,114.0
2024-12-13T01:00:00.000Z,Finished,New Orleans,SAC,NOP,111.0,109.0
2024-12-14T00:00:00.000Z,Finished,Cleveland,WAS,CLE,105.0,115.0
2024-12-14T00:00:00.000Z,Finished,Philadelphia,IND,PHI,121.0,107.0
2024-12-14T01:00:00.000Z,Finished,Minneapolis,LAL,MIN,87.0,97.0
2024-12-14T01:00:00.000Z,Finished,Memphis,BKN,MEM,119.0,135.0
2024-12-14T01:00:00.000Z,Finished,Chicago,CHA,CHI,95.0,109.0
2024-12-14T02:00:00.000Z,Finished,Denver,LAC,DEN,98.0,120.0
2024-12-14T02:30:00.000Z,Finished,Salt Lake City,PHX,UTA,134.0,126.0
2024-12-14T03:00:00.000Z,Finished,Portland,SAS,POR,118.0,116.0
2024-12-15T22:00:00.000Z,Finished,Indianapolis,NOP,IND,104.0,119.0
2024-12-15T23:00:00.000Z,Finished,Washington,BOS,WAS,112.0,98.0
2024-12-16T00:00:00.000Z,Finished,San Antonio,MIN,SAS,106.0,92.0
2024-12-16T01:00:00.000Z,Finished,Phoenix,POR,PHX,109.0,116.0
2024-12-16T02:30:00.000Z,Finished,Los Angeles,MEM,LAL,110.0,116.0
2024-12-17T00:00:00.000Z,Finished,Charlotte,PHI,CHA,121.0,108.0
2024-12-17T00:00:00.000Z,Finished,Detroit,MIA,DET,124.0,125.0
2024-12-17T00:30:00.000Z,Finished,Toronto,CHI,TOR,122.0,121.0
2024-12-17T00:30:00.000Z,Finished,Brooklyn,CLE,BKN,130.0,101.0
2024-12-17T03:00:00.000Z,Finished,Sacramento,DEN,SAC,130.0,129.0
2024-12-17T03:30:00.000Z,Finished,Inglewood,UTA,LAC,107.0,144.0
2024-12-14T21:30:00.000Z,Finished,Las Vegas,ATL,MIL,102.0,110.0
2024-12-15T01:30:00.000Z,Finished,Las Vegas,HOU,OKC,96.0,111.0
2024-12-15T23:00:00.000Z,Finished,Orlando,NYK,ORL,100.0,91.0
2024-12-16T01:30:00.000Z,Finished,San Francisco,DAL,GSW,143.0,133.0
2024-12-18T01:30:00.000Z,Finished,Las Vegas,MIL,OKC,97.0,81.0
